,geom_ids,species_id,species__smiles,species__componentcount
0,50340324,5635893,O=S(=O)([N-]S(=O)(=O)C(F)(F)F)C(F)(F)F.O=S(=O)([N-]S(=O)(=O)C(F)(F)F)C(F)(F)F,2
1,50340332,5635893,O=S(=O)([N-]S(=O)(=O)C(F)(F)F)C(F)(F)F.O=S(=O)([N-]S(=O)(=O)C(F)(F)F)C(F)(F)F,2
2,50340339,5635893,O=S(=O)([N-]S(=O)(=O)C(F)(F)F)C(F)(F)F.O=S(=O)([N-]S(=O)(=O)C(F)(F)F)C(F)(F)F,2
3,50340343,5635893,O=S(=O)([N-]S(=O)(=O)C(F)(F)F)C(F)(F)F.O=S(=O)([N-]S(=O)(=O)C(F)(F)F)C(F)(F)F,2
4,50340344,5635893,O=S(=O)([N-]S(=O)(=O)C(F)(F)F)C(F)(F)F.O=S(=O)([N-]S(=O)(=O)C(F)(F)F)C(F)(F)F,2
5,50340350,5635893,O=S(=O)([N-]S(=O)(=O)C(F)(F)F)C(F)(F)F.O=S(=O)([N-]S(=O)(=O)C(F)(F)F)C(F)(F)F,2
6,50482496,5635893,O=S(=O)([N-]S(=O)(=O)C(F)(F)F)C(F)(F)F.O=S(=O)([N-]S(=O)(=O)C(F)(F)F)C(F)(F)F,2
7,50482508,5635893,O=S(=O)([N-]S(=O)(=O)C(F)(F)F)C(F)(F)F.O=S(=O)([N-]S(=O)(=O)C(F)(F)F)C(F)(F)F,2
8,50482509,5635893,O=S(=O)([N-]S(=O)(=O)C(F)(F)F)C(F)(F)F.O=S(=O)([N-]S(=O)(=O)C(F)(F)F)C(F)(F)F,2
9,50482523,5635893,O=S(=O)([N-]S(=O)(=O)C(F)(F)F)C(F)(F)F.O=S(=O)([N-]S(=O)(=O)C(F)(F)F)C(F)(F)F,2
10,50752952,5635893,O=S(=O)([N-]S(=O)(=O)C(F)(F)F)C(F)(F)F.O=S(=O)([N-]S(=O)(=O)C(F)(F)F)C(F)(F)F,2
11,50752955,5635893,O=S(=O)([N-]S(=O)(=O)C(F)(F)F)C(F)(F)F.O=S(=O)([N-]S(=O)(=O)C(F)(F)F)C(F)(F)F,2
12,50752968,5635893,O=S(=O)([N-]S(=O)(=O)C(F)(F)F)C(F)(F)F.O=S(=O)([N-]S(=O)(=O)C(F)(F)F)C(F)(F)F,2
13,50752969,5635893,O=S(=O)([N-]S(=O)(=O)C(F)(F)F)C(F)(F)F.O=S(=O)([N-]S(=O)(=O)C(F)(F)F)C(F)(F)F,2
14,50753001,5635893,O=S(=O)([N-]S(=O)(=O)C(F)(F)F)C(F)(F)F.O=S(=O)([N-]S(=O)(=O)C(F)(F)F)C(F)(F)F,2
15,50753006,5635893,O=S(=O)([N-]S(=O)(=O)C(F)(F)F)C(F)(F)F.O=S(=O)([N-]S(=O)(=O)C(F)(F)F)C(F)(F)F,2
16,50753007,5635893,O=S(=O)([N-]S(=O)(=O)C(F)(F)F)C(F)(F)F.O=S(=O)([N-]S(=O)(=O)C(F)(F)F)C(F)(F)F,2
17,50753018,5635893,O=S(=O)([N-]S(=O)(=O)C(F)(F)F)C(F)(F)F.O=S(=O)([N-]S(=O)(=O)C(F)(F)F)C(F)(F)F,2
18,50753055,5635893,O=S(=O)([N-]S(=O)(=O)C(F)(F)F)C(F)(F)F.O=S(=O)([N-]S(=O)(=O)C(F)(F)F)C(F)(F)F,2
19,50753073,5635893,O=S(=O)([N-]S(=O)(=O)C(F)(F)F)C(F)(F)F.O=S(=O)([N-]S(=O)(=O)C(F)(F)F)C(F)(F)F,2
20,51174201,5635893,O=S(=O)([N-]S(=O)(=O)C(F)(F)F)C(F)(F)F.O=S(=O)([N-]S(=O)(=O)C(F)(F)F)C(F)(F)F,2
21,51174216,5635893,O=S(=O)([N-]S(=O)(=O)C(F)(F)F)C(F)(F)F.O=S(=O)([N-]S(=O)(=O)C(F)(F)F)C(F)(F)F,2
22,51174281,5635893,O=S(=O)([N-]S(=O)(=O)C(F)(F)F)C(F)(F)F.O=S(=O)([N-]S(=O)(=O)C(F)(F)F)C(F)(F)F,2
23,51174300,5635893,O=S(=O)([N-]S(=O)(=O)C(F)(F)F)C(F)(F)F.O=S(=O)([N-]S(=O)(=O)C(F)(F)F)C(F)(F)F,2
24,51174309,5635893,O=S(=O)([N-]S(=O)(=O)C(F)(F)F)C(F)(F)F.O=S(=O)([N-]S(=O)(=O)C(F)(F)F)C(F)(F)F,2
25,51295701,5635893,O=S(=O)([N-]S(=O)(=O)C(F)(F)F)C(F)(F)F.O=S(=O)([N-]S(=O)(=O)C(F)(F)F)C(F)(F)F,2
26,51295724,5635893,O=S(=O)([N-]S(=O)(=O)C(F)(F)F)C(F)(F)F.O=S(=O)([N-]S(=O)(=O)C(F)(F)F)C(F)(F)F,2
27,51295754,5635893,O=S(=O)([N-]S(=O)(=O)C(F)(F)F)C(F)(F)F.O=S(=O)([N-]S(=O)(=O)C(F)(F)F)C(F)(F)F,2
28,51295760,5635893,O=S(=O)([N-]S(=O)(=O)C(F)(F)F)C(F)(F)F.O=S(=O)([N-]S(=O)(=O)C(F)(F)F)C(F)(F)F,2
29,51295763,5635893,O=S(=O)([N-]S(=O)(=O)C(F)(F)F)C(F)(F)F.O=S(=O)([N-]S(=O)(=O)C(F)(F)F)C(F)(F)F,2
30,51295799,5635893,O=S(=O)([N-]S(=O)(=O)C(F)(F)F)C(F)(F)F.O=S(=O)([N-]S(=O)(=O)C(F)(F)F)C(F)(F)F,2
31,51295810,5635893,O=S(=O)([N-]S(=O)(=O)C(F)(F)F)C(F)(F)F.O=S(=O)([N-]S(=O)(=O)C(F)(F)F)C(F)(F)F,2
32,51295833,5635893,O=S(=O)([N-]S(=O)(=O)C(F)(F)F)C(F)(F)F.O=S(=O)([N-]S(=O)(=O)C(F)(F)F)C(F)(F)F,2
33,51295852,5635893,O=S(=O)([N-]S(=O)(=O)C(F)(F)F)C(F)(F)F.O=S(=O)([N-]S(=O)(=O)C(F)(F)F)C(F)(F)F,2
34,51295856,5635893,O=S(=O)([N-]S(=O)(=O)C(F)(F)F)C(F)(F)F.O=S(=O)([N-]S(=O)(=O)C(F)(F)F)C(F)(F)F,2
35,51374244,5635893,O=S(=O)([N-]S(=O)(=O)C(F)(F)F)C(F)(F)F.O=S(=O)([N-]S(=O)(=O)C(F)(F)F)C(F)(F)F,2
36,51374246,5635893,O=S(=O)([N-]S(=O)(=O)C(F)(F)F)C(F)(F)F.O=S(=O)([N-]S(=O)(=O)C(F)(F)F)C(F)(F)F,2
37,51374290,5635893,O=S(=O)([N-]S(=O)(=O)C(F)(F)F)C(F)(F)F.O=S(=O)([N-]S(=O)(=O)C(F)(F)F)C(F)(F)F,2
38,51374292,5635893,O=S(=O)([N-]S(=O)(=O)C(F)(F)F)C(F)(F)F.O=S(=O)([N-]S(=O)(=O)C(F)(F)F)C(F)(F)F,2
39,51374334,5635893,O=S(=O)([N-]S(=O)(=O)C(F)(F)F)C(F)(F)F.O=S(=O)([N-]S(=O)(=O)C(F)(F)F)C(F)(F)F,2
40,51374349,5635893,O=S(=O)([N-]S(=O)(=O)C(F)(F)F)C(F)(F)F.O=S(=O)([N-]S(=O)(=O)C(F)(F)F)C(F)(F)F,2
41,51374355,5635893,O=S(=O)([N-]S(=O)(=O)C(F)(F)F)C(F)(F)F.O=S(=O)([N-]S(=O)(=O)C(F)(F)F)C(F)(F)F,2
42,51374363,5635893,O=S(=O)([N-]S(=O)(=O)C(F)(F)F)C(F)(F)F.O=S(=O)([N-]S(=O)(=O)C(F)(F)F)C(F)(F)F,2
43,51374372,5635893,O=S(=O)([N-]S(=O)(=O)C(F)(F)F)C(F)(F)F.O=S(=O)([N-]S(=O)(=O)C(F)(F)F)C(F)(F)F,2
44,51374374,5635893,O=S(=O)([N-]S(=O)(=O)C(F)(F)F)C(F)(F)F.O=S(=O)([N-]S(=O)(=O)C(F)(F)F)C(F)(F)F,2
45,51374385,5635893,O=S(=O)([N-]S(=O)(=O)C(F)(F)F)C(F)(F)F.O=S(=O)([N-]S(=O)(=O)C(F)(F)F)C(F)(F)F,2
46,51416517,5635893,O=S(=O)([N-]S(=O)(=O)C(F)(F)F)C(F)(F)F.O=S(=O)([N-]S(=O)(=O)C(F)(F)F)C(F)(F)F,2
47,51416536,5635893,O=S(=O)([N-]S(=O)(=O)C(F)(F)F)C(F)(F)F.O=S(=O)([N-]S(=O)(=O)C(F)(F)F)C(F)(F)F,2
48,51416567,5635893,O=S(=O)([N-]S(=O)(=O)C(F)(F)F)C(F)(F)F.O=S(=O)([N-]S(=O)(=O)C(F)(F)F)C(F)(F)F,2
49,51416584,5635893,O=S(=O)([N-]S(=O)(=O)C(F)(F)F)C(F)(F)F.O=S(=O)([N-]S(=O)(=O)C(F)(F)F)C(F)(F)F,2
50,51416613,5635893,O=S(=O)([N-]S(=O)(=O)C(F)(F)F)C(F)(F)F.O=S(=O)([N-]S(=O)(=O)C(F)(F)F)C(F)(F)F,2
51,51416620,5635893,O=S(=O)([N-]S(=O)(=O)C(F)(F)F)C(F)(F)F.O=S(=O)([N-]S(=O)(=O)C(F)(F)F)C(F)(F)F,2
52,51474266,5635893,O=S(=O)([N-]S(=O)(=O)C(F)(F)F)C(F)(F)F.O=S(=O)([N-]S(=O)(=O)C(F)(F)F)C(F)(F)F,2
53,51474317,5635893,O=S(=O)([N-]S(=O)(=O)C(F)(F)F)C(F)(F)F.O=S(=O)([N-]S(=O)(=O)C(F)(F)F)C(F)(F)F,2
54,51474352,5635893,O=S(=O)([N-]S(=O)(=O)C(F)(F)F)C(F)(F)F.O=S(=O)([N-]S(=O)(=O)C(F)(F)F)C(F)(F)F,2
55,51474369,5635893,O=S(=O)([N-]S(=O)(=O)C(F)(F)F)C(F)(F)F.O=S(=O)([N-]S(=O)(=O)C(F)(F)F)C(F)(F)F,2
56,51474375,5635893,O=S(=O)([N-]S(=O)(=O)C(F)(F)F)C(F)(F)F.O=S(=O)([N-]S(=O)(=O)C(F)(F)F)C(F)(F)F,2
57,51474388,5635893,O=S(=O)([N-]S(=O)(=O)C(F)(F)F)C(F)(F)F.O=S(=O)([N-]S(=O)(=O)C(F)(F)F)C(F)(F)F,2
58,51474393,5635893,O=S(=O)([N-]S(=O)(=O)C(F)(F)F)C(F)(F)F.O=S(=O)([N-]S(=O)(=O)C(F)(F)F)C(F)(F)F,2
59,51474395,5635893,O=S(=O)([N-]S(=O)(=O)C(F)(F)F)C(F)(F)F.O=S(=O)([N-]S(=O)(=O)C(F)(F)F)C(F)(F)F,2
60,51474397,5635893,O=S(=O)([N-]S(=O)(=O)C(F)(F)F)C(F)(F)F.O=S(=O)([N-]S(=O)(=O)C(F)(F)F)C(F)(F)F,2
61,51474405,5635893,O=S(=O)([N-]S(=O)(=O)C(F)(F)F)C(F)(F)F.O=S(=O)([N-]S(=O)(=O)C(F)(F)F)C(F)(F)F,2
62,51532718,5635893,O=S(=O)([N-]S(=O)(=O)C(F)(F)F)C(F)(F)F.O=S(=O)([N-]S(=O)(=O)C(F)(F)F)C(F)(F)F,2
63,51532721,5635893,O=S(=O)([N-]S(=O)(=O)C(F)(F)F)C(F)(F)F.O=S(=O)([N-]S(=O)(=O)C(F)(F)F)C(F)(F)F,2
64,51532773,5635893,O=S(=O)([N-]S(=O)(=O)C(F)(F)F)C(F)(F)F.O=S(=O)([N-]S(=O)(=O)C(F)(F)F)C(F)(F)F,2
65,51532777,5635893,O=S(=O)([N-]S(=O)(=O)C(F)(F)F)C(F)(F)F.O=S(=O)([N-]S(=O)(=O)C(F)(F)F)C(F)(F)F,2
66,51532778,5635893,O=S(=O)([N-]S(=O)(=O)C(F)(F)F)C(F)(F)F.O=S(=O)([N-]S(=O)(=O)C(F)(F)F)C(F)(F)F,2
67,51532802,5635893,O=S(=O)([N-]S(=O)(=O)C(F)(F)F)C(F)(F)F.O=S(=O)([N-]S(=O)(=O)C(F)(F)F)C(F)(F)F,2
68,51532833,5635893,O=S(=O)([N-]S(=O)(=O)C(F)(F)F)C(F)(F)F.O=S(=O)([N-]S(=O)(=O)C(F)(F)F)C(F)(F)F,2
69,51532835,5635893,O=S(=O)([N-]S(=O)(=O)C(F)(F)F)C(F)(F)F.O=S(=O)([N-]S(=O)(=O)C(F)(F)F)C(F)(F)F,2
70,51532850,5635893,O=S(=O)([N-]S(=O)(=O)C(F)(F)F)C(F)(F)F.O=S(=O)([N-]S(=O)(=O)C(F)(F)F)C(F)(F)F,2
71,51532852,5635893,O=S(=O)([N-]S(=O)(=O)C(F)(F)F)C(F)(F)F.O=S(=O)([N-]S(=O)(=O)C(F)(F)F)C(F)(F)F,2
72,51532864,5635893,O=S(=O)([N-]S(=O)(=O)C(F)(F)F)C(F)(F)F.O=S(=O)([N-]S(=O)(=O)C(F)(F)F)C(F)(F)F,2
73,51573996,5635893,O=S(=O)([N-]S(=O)(=O)C(F)(F)F)C(F)(F)F.O=S(=O)([N-]S(=O)(=O)C(F)(F)F)C(F)(F)F,2
74,51574031,5635893,O=S(=O)([N-]S(=O)(=O)C(F)(F)F)C(F)(F)F.O=S(=O)([N-]S(=O)(=O)C(F)(F)F)C(F)(F)F,2
75,51574117,5635893,O=S(=O)([N-]S(=O)(=O)C(F)(F)F)C(F)(F)F.O=S(=O)([N-]S(=O)(=O)C(F)(F)F)C(F)(F)F,2
76,51574120,5635893,O=S(=O)([N-]S(=O)(=O)C(F)(F)F)C(F)(F)F.O=S(=O)([N-]S(=O)(=O)C(F)(F)F)C(F)(F)F,2
77,51574158,5635893,O=S(=O)([N-]S(=O)(=O)C(F)(F)F)C(F)(F)F.O=S(=O)([N-]S(=O)(=O)C(F)(F)F)C(F)(F)F,2
78,51574168,5635893,O=S(=O)([N-]S(=O)(=O)C(F)(F)F)C(F)(F)F.O=S(=O)([N-]S(=O)(=O)C(F)(F)F)C(F)(F)F,2
79,51680888,5635893,O=S(=O)([N-]S(=O)(=O)C(F)(F)F)C(F)(F)F.O=S(=O)([N-]S(=O)(=O)C(F)(F)F)C(F)(F)F,2
80,51680900,5635893,O=S(=O)([N-]S(=O)(=O)C(F)(F)F)C(F)(F)F.O=S(=O)([N-]S(=O)(=O)C(F)(F)F)C(F)(F)F,2
81,51680950,5635893,O=S(=O)([N-]S(=O)(=O)C(F)(F)F)C(F)(F)F.O=S(=O)([N-]S(=O)(=O)C(F)(F)F)C(F)(F)F,2
82,51680967,5635893,O=S(=O)([N-]S(=O)(=O)C(F)(F)F)C(F)(F)F.O=S(=O)([N-]S(=O)(=O)C(F)(F)F)C(F)(F)F,2
83,51680968,5635893,O=S(=O)([N-]S(=O)(=O)C(F)(F)F)C(F)(F)F.O=S(=O)([N-]S(=O)(=O)C(F)(F)F)C(F)(F)F,2
84,51680969,5635893,O=S(=O)([N-]S(=O)(=O)C(F)(F)F)C(F)(F)F.O=S(=O)([N-]S(=O)(=O)C(F)(F)F)C(F)(F)F,2
85,51680989,5635893,O=S(=O)([N-]S(=O)(=O)C(F)(F)F)C(F)(F)F.O=S(=O)([N-]S(=O)(=O)C(F)(F)F)C(F)(F)F,2
86,51681005,5635893,O=S(=O)([N-]S(=O)(=O)C(F)(F)F)C(F)(F)F.O=S(=O)([N-]S(=O)(=O)C(F)(F)F)C(F)(F)F,2
87,51681019,5635893,O=S(=O)([N-]S(=O)(=O)C(F)(F)F)C(F)(F)F.O=S(=O)([N-]S(=O)(=O)C(F)(F)F)C(F)(F)F,2
88,51681036,5635893,O=S(=O)([N-]S(=O)(=O)C(F)(F)F)C(F)(F)F.O=S(=O)([N-]S(=O)(=O)C(F)(F)F)C(F)(F)F,2
89,51681046,5635893,O=S(=O)([N-]S(=O)(=O)C(F)(F)F)C(F)(F)F.O=S(=O)([N-]S(=O)(=O)C(F)(F)F)C(F)(F)F,2
90,51681060,5635893,O=S(=O)([N-]S(=O)(=O)C(F)(F)F)C(F)(F)F.O=S(=O)([N-]S(=O)(=O)C(F)(F)F)C(F)(F)F,2
91,51708645,5635893,O=S(=O)([N-]S(=O)(=O)C(F)(F)F)C(F)(F)F.O=S(=O)([N-]S(=O)(=O)C(F)(F)F)C(F)(F)F,2
92,51708649,5635893,O=S(=O)([N-]S(=O)(=O)C(F)(F)F)C(F)(F)F.O=S(=O)([N-]S(=O)(=O)C(F)(F)F)C(F)(F)F,2
93,51708674,5635893,O=S(=O)([N-]S(=O)(=O)C(F)(F)F)C(F)(F)F.O=S(=O)([N-]S(=O)(=O)C(F)(F)F)C(F)(F)F,2
94,51708734,5635893,O=S(=O)([N-]S(=O)(=O)C(F)(F)F)C(F)(F)F.O=S(=O)([N-]S(=O)(=O)C(F)(F)F)C(F)(F)F,2
95,51708736,5635893,O=S(=O)([N-]S(=O)(=O)C(F)(F)F)C(F)(F)F.O=S(=O)([N-]S(=O)(=O)C(F)(F)F)C(F)(F)F,2
96,51708758,5635893,O=S(=O)([N-]S(=O)(=O)C(F)(F)F)C(F)(F)F.O=S(=O)([N-]S(=O)(=O)C(F)(F)F)C(F)(F)F,2
97,51708766,5635893,O=S(=O)([N-]S(=O)(=O)C(F)(F)F)C(F)(F)F.O=S(=O)([N-]S(=O)(=O)C(F)(F)F)C(F)(F)F,2
98,51708777,5635893,O=S(=O)([N-]S(=O)(=O)C(F)(F)F)C(F)(F)F.O=S(=O)([N-]S(=O)(=O)C(F)(F)F)C(F)(F)F,2
99,51708793,5635893,O=S(=O)([N-]S(=O)(=O)C(F)(F)F)C(F)(F)F.O=S(=O)([N-]S(=O)(=O)C(F)(F)F)C(F)(F)F,2
100,51708798,5635893,O=S(=O)([N-]S(=O)(=O)C(F)(F)F)C(F)(F)F.O=S(=O)([N-]S(=O)(=O)C(F)(F)F)C(F)(F)F,2
101,51708847,5635893,O=S(=O)([N-]S(=O)(=O)C(F)(F)F)C(F)(F)F.O=S(=O)([N-]S(=O)(=O)C(F)(F)F)C(F)(F)F,2
102,51708854,5635893,O=S(=O)([N-]S(=O)(=O)C(F)(F)F)C(F)(F)F.O=S(=O)([N-]S(=O)(=O)C(F)(F)F)C(F)(F)F,2
103,51790199,5635893,O=S(=O)([N-]S(=O)(=O)C(F)(F)F)C(F)(F)F.O=S(=O)([N-]S(=O)(=O)C(F)(F)F)C(F)(F)F,2
104,51790202,5635893,O=S(=O)([N-]S(=O)(=O)C(F)(F)F)C(F)(F)F.O=S(=O)([N-]S(=O)(=O)C(F)(F)F)C(F)(F)F,2
105,51790205,5635893,O=S(=O)([N-]S(=O)(=O)C(F)(F)F)C(F)(F)F.O=S(=O)([N-]S(=O)(=O)C(F)(F)F)C(F)(F)F,2
106,51790222,5635893,O=S(=O)([N-]S(=O)(=O)C(F)(F)F)C(F)(F)F.O=S(=O)([N-]S(=O)(=O)C(F)(F)F)C(F)(F)F,2
107,51790230,5635893,O=S(=O)([N-]S(=O)(=O)C(F)(F)F)C(F)(F)F.O=S(=O)([N-]S(=O)(=O)C(F)(F)F)C(F)(F)F,2
108,51790233,5635893,O=S(=O)([N-]S(=O)(=O)C(F)(F)F)C(F)(F)F.O=S(=O)([N-]S(=O)(=O)C(F)(F)F)C(F)(F)F,2
109,51790262,5635893,O=S(=O)([N-]S(=O)(=O)C(F)(F)F)C(F)(F)F.O=S(=O)([N-]S(=O)(=O)C(F)(F)F)C(F)(F)F,2
110,51790273,5635893,O=S(=O)([N-]S(=O)(=O)C(F)(F)F)C(F)(F)F.O=S(=O)([N-]S(=O)(=O)C(F)(F)F)C(F)(F)F,2
111,51790280,5635893,O=S(=O)([N-]S(=O)(=O)C(F)(F)F)C(F)(F)F.O=S(=O)([N-]S(=O)(=O)C(F)(F)F)C(F)(F)F,2
112,51790285,5635893,O=S(=O)([N-]S(=O)(=O)C(F)(F)F)C(F)(F)F.O=S(=O)([N-]S(=O)(=O)C(F)(F)F)C(F)(F)F,2
113,51790299,5635893,O=S(=O)([N-]S(=O)(=O)C(F)(F)F)C(F)(F)F.O=S(=O)([N-]S(=O)(=O)C(F)(F)F)C(F)(F)F,2
114,51790330,5635893,O=S(=O)([N-]S(=O)(=O)C(F)(F)F)C(F)(F)F.O=S(=O)([N-]S(=O)(=O)C(F)(F)F)C(F)(F)F,2
115,51790336,5635893,O=S(=O)([N-]S(=O)(=O)C(F)(F)F)C(F)(F)F.O=S(=O)([N-]S(=O)(=O)C(F)(F)F)C(F)(F)F,2
116,51790337,5635893,O=S(=O)([N-]S(=O)(=O)C(F)(F)F)C(F)(F)F.O=S(=O)([N-]S(=O)(=O)C(F)(F)F)C(F)(F)F,2
117,51878038,5635893,O=S(=O)([N-]S(=O)(=O)C(F)(F)F)C(F)(F)F.O=S(=O)([N-]S(=O)(=O)C(F)(F)F)C(F)(F)F,2
118,51878071,5635893,O=S(=O)([N-]S(=O)(=O)C(F)(F)F)C(F)(F)F.O=S(=O)([N-]S(=O)(=O)C(F)(F)F)C(F)(F)F,2
119,51878072,5635893,O=S(=O)([N-]S(=O)(=O)C(F)(F)F)C(F)(F)F.O=S(=O)([N-]S(=O)(=O)C(F)(F)F)C(F)(F)F,2
120,51878073,5635893,O=S(=O)([N-]S(=O)(=O)C(F)(F)F)C(F)(F)F.O=S(=O)([N-]S(=O)(=O)C(F)(F)F)C(F)(F)F,2
121,51878082,5635893,O=S(=O)([N-]S(=O)(=O)C(F)(F)F)C(F)(F)F.O=S(=O)([N-]S(=O)(=O)C(F)(F)F)C(F)(F)F,2
122,51878094,5635893,O=S(=O)([N-]S(=O)(=O)C(F)(F)F)C(F)(F)F.O=S(=O)([N-]S(=O)(=O)C(F)(F)F)C(F)(F)F,2
123,51878097,5635893,O=S(=O)([N-]S(=O)(=O)C(F)(F)F)C(F)(F)F.O=S(=O)([N-]S(=O)(=O)C(F)(F)F)C(F)(F)F,2
124,51878102,5635893,O=S(=O)([N-]S(=O)(=O)C(F)(F)F)C(F)(F)F.O=S(=O)([N-]S(=O)(=O)C(F)(F)F)C(F)(F)F,2
125,51878123,5635893,O=S(=O)([N-]S(=O)(=O)C(F)(F)F)C(F)(F)F.O=S(=O)([N-]S(=O)(=O)C(F)(F)F)C(F)(F)F,2
126,51878131,5635893,O=S(=O)([N-]S(=O)(=O)C(F)(F)F)C(F)(F)F.O=S(=O)([N-]S(=O)(=O)C(F)(F)F)C(F)(F)F,2
127,51987282,5635893,O=S(=O)([N-]S(=O)(=O)C(F)(F)F)C(F)(F)F.O=S(=O)([N-]S(=O)(=O)C(F)(F)F)C(F)(F)F,2
128,51987333,5635893,O=S(=O)([N-]S(=O)(=O)C(F)(F)F)C(F)(F)F.O=S(=O)([N-]S(=O)(=O)C(F)(F)F)C(F)(F)F,2
129,51987339,5635893,O=S(=O)([N-]S(=O)(=O)C(F)(F)F)C(F)(F)F.O=S(=O)([N-]S(=O)(=O)C(F)(F)F)C(F)(F)F,2
130,51987346,5635893,O=S(=O)([N-]S(=O)(=O)C(F)(F)F)C(F)(F)F.O=S(=O)([N-]S(=O)(=O)C(F)(F)F)C(F)(F)F,2
131,51987357,5635893,O=S(=O)([N-]S(=O)(=O)C(F)(F)F)C(F)(F)F.O=S(=O)([N-]S(=O)(=O)C(F)(F)F)C(F)(F)F,2
132,51987376,5635893,O=S(=O)([N-]S(=O)(=O)C(F)(F)F)C(F)(F)F.O=S(=O)([N-]S(=O)(=O)C(F)(F)F)C(F)(F)F,2
133,51987398,5635893,O=S(=O)([N-]S(=O)(=O)C(F)(F)F)C(F)(F)F.O=S(=O)([N-]S(=O)(=O)C(F)(F)F)C(F)(F)F,2
134,51987420,5635893,O=S(=O)([N-]S(=O)(=O)C(F)(F)F)C(F)(F)F.O=S(=O)([N-]S(=O)(=O)C(F)(F)F)C(F)(F)F,2
135,51987426,5635893,O=S(=O)([N-]S(=O)(=O)C(F)(F)F)C(F)(F)F.O=S(=O)([N-]S(=O)(=O)C(F)(F)F)C(F)(F)F,2
136,52070442,5635893,O=S(=O)([N-]S(=O)(=O)C(F)(F)F)C(F)(F)F.O=S(=O)([N-]S(=O)(=O)C(F)(F)F)C(F)(F)F,2
137,52070452,5635893,O=S(=O)([N-]S(=O)(=O)C(F)(F)F)C(F)(F)F.O=S(=O)([N-]S(=O)(=O)C(F)(F)F)C(F)(F)F,2
138,52070470,5635893,O=S(=O)([N-]S(=O)(=O)C(F)(F)F)C(F)(F)F.O=S(=O)([N-]S(=O)(=O)C(F)(F)F)C(F)(F)F,2
139,52070478,5635893,O=S(=O)([N-]S(=O)(=O)C(F)(F)F)C(F)(F)F.O=S(=O)([N-]S(=O)(=O)C(F)(F)F)C(F)(F)F,2
140,52070500,5635893,O=S(=O)([N-]S(=O)(=O)C(F)(F)F)C(F)(F)F.O=S(=O)([N-]S(=O)(=O)C(F)(F)F)C(F)(F)F,2
141,52070515,5635893,O=S(=O)([N-]S(=O)(=O)C(F)(F)F)C(F)(F)F.O=S(=O)([N-]S(=O)(=O)C(F)(F)F)C(F)(F)F,2
142,52070528,5635893,O=S(=O)([N-]S(=O)(=O)C(F)(F)F)C(F)(F)F.O=S(=O)([N-]S(=O)(=O)C(F)(F)F)C(F)(F)F,2
143,52070547,5635893,O=S(=O)([N-]S(=O)(=O)C(F)(F)F)C(F)(F)F.O=S(=O)([N-]S(=O)(=O)C(F)(F)F)C(F)(F)F,2
144,52070557,5635893,O=S(=O)([N-]S(=O)(=O)C(F)(F)F)C(F)(F)F.O=S(=O)([N-]S(=O)(=O)C(F)(F)F)C(F)(F)F,2
145,52070563,5635893,O=S(=O)([N-]S(=O)(=O)C(F)(F)F)C(F)(F)F.O=S(=O)([N-]S(=O)(=O)C(F)(F)F)C(F)(F)F,2
146,52070567,5635893,O=S(=O)([N-]S(=O)(=O)C(F)(F)F)C(F)(F)F.O=S(=O)([N-]S(=O)(=O)C(F)(F)F)C(F)(F)F,2
147,52070616,5635893,O=S(=O)([N-]S(=O)(=O)C(F)(F)F)C(F)(F)F.O=S(=O)([N-]S(=O)(=O)C(F)(F)F)C(F)(F)F,2
148,52206327,5635893,O=S(=O)([N-]S(=O)(=O)C(F)(F)F)C(F)(F)F.O=S(=O)([N-]S(=O)(=O)C(F)(F)F)C(F)(F)F,2
149,52206360,5635893,O=S(=O)([N-]S(=O)(=O)C(F)(F)F)C(F)(F)F.O=S(=O)([N-]S(=O)(=O)C(F)(F)F)C(F)(F)F,2
150,52206370,5635893,O=S(=O)([N-]S(=O)(=O)C(F)(F)F)C(F)(F)F.O=S(=O)([N-]S(=O)(=O)C(F)(F)F)C(F)(F)F,2
151,52206384,5635893,O=S(=O)([N-]S(=O)(=O)C(F)(F)F)C(F)(F)F.O=S(=O)([N-]S(=O)(=O)C(F)(F)F)C(F)(F)F,2
152,52206391,5635893,O=S(=O)([N-]S(=O)(=O)C(F)(F)F)C(F)(F)F.O=S(=O)([N-]S(=O)(=O)C(F)(F)F)C(F)(F)F,2
153,52206408,5635893,O=S(=O)([N-]S(=O)(=O)C(F)(F)F)C(F)(F)F.O=S(=O)([N-]S(=O)(=O)C(F)(F)F)C(F)(F)F,2
154,52206414,5635893,O=S(=O)([N-]S(=O)(=O)C(F)(F)F)C(F)(F)F.O=S(=O)([N-]S(=O)(=O)C(F)(F)F)C(F)(F)F,2
155,52206419,5635893,O=S(=O)([N-]S(=O)(=O)C(F)(F)F)C(F)(F)F.O=S(=O)([N-]S(=O)(=O)C(F)(F)F)C(F)(F)F,2
156,52206421,5635893,O=S(=O)([N-]S(=O)(=O)C(F)(F)F)C(F)(F)F.O=S(=O)([N-]S(=O)(=O)C(F)(F)F)C(F)(F)F,2
157,52206427,5635893,O=S(=O)([N-]S(=O)(=O)C(F)(F)F)C(F)(F)F.O=S(=O)([N-]S(=O)(=O)C(F)(F)F)C(F)(F)F,2
158,52206436,5635893,O=S(=O)([N-]S(=O)(=O)C(F)(F)F)C(F)(F)F.O=S(=O)([N-]S(=O)(=O)C(F)(F)F)C(F)(F)F,2
159,55980989,5387566,COCCOCCOCCOCCOC.[Li+],2
160,56064100,5387566,COCCOCCOCCOCCOC.[Li+],2
161,56064122,5387566,COCCOCCOCCOCCOC.[Li+],2
162,56105231,5387566,COCCOCCOCCOCCOC.[Li+],2
163,56105253,5387566,COCCOCCOCCOCCOC.[Li+],2
164,56105263,5387566,COCCOCCOCCOCCOC.[Li+],2
165,56105276,5387566,COCCOCCOCCOCCOC.[Li+],2
166,56168516,5387566,COCCOCCOCCOCCOC.[Li+],2
167,56168534,5387566,COCCOCCOCCOCCOC.[Li+],2
168,56168536,5387566,COCCOCCOCCOCCOC.[Li+],2
169,56168555,5387566,COCCOCCOCCOCCOC.[Li+],2
170,56168568,5387566,COCCOCCOCCOCCOC.[Li+],2
171,56280505,5387566,COCCOCCOCCOCCOC.[Li+],2
172,56280514,5387566,COCCOCCOCCOCCOC.[Li+],2
173,56280516,5387566,COCCOCCOCCOCCOC.[Li+],2
174,56396340,5387566,COCCOCCOCCOCCOC.[Li+],2
175,56396366,5387566,COCCOCCOCCOCCOC.[Li+],2
176,56396367,5387566,COCCOCCOCCOCCOC.[Li+],2
177,56396383,5387566,COCCOCCOCCOCCOC.[Li+],2
178,56508543,5387566,COCCOCCOCCOCCOC.[Li+],2
179,56508564,5387566,COCCOCCOCCOCCOC.[Li+],2
180,56508588,5387566,COCCOCCOCCOCCOC.[Li+],2
181,56709595,5387566,COCCOCCOCCOCCOC.[Li+],2
182,56709623,5387566,COCCOCCOCCOCCOC.[Li+],2
183,56709625,5387566,COCCOCCOCCOCCOC.[Li+],2
184,56709669,5387566,COCCOCCOCCOCCOC.[Li+],2
185,56709675,5387566,COCCOCCOCCOCCOC.[Li+],2
186,56709677,5387566,COCCOCCOCCOCCOC.[Li+],2
187,56907412,5387566,COCCOCCOCCOCCOC.[Li+],2
188,56907424,5387566,COCCOCCOCCOCCOC.[Li+],2
189,56907453,5387566,COCCOCCOCCOCCOC.[Li+],2
190,56907472,5387566,COCCOCCOCCOCCOC.[Li+],2
191,57127529,5387566,COCCOCCOCCOCCOC.[Li+],2
192,57232149,5387566,COCCOCCOCCOCCOC.[Li+],2
193,57232188,5387566,COCCOCCOCCOCCOC.[Li+],2
194,57232189,5387566,COCCOCCOCCOCCOC.[Li+],2
195,57232192,5387566,COCCOCCOCCOCCOC.[Li+],2
196,57232194,5387566,COCCOCCOCCOCCOC.[Li+],2
197,57232200,5387566,COCCOCCOCCOCCOC.[Li+],2
198,57232213,5387566,COCCOCCOCCOCCOC.[Li+],2
199,57232232,5387566,COCCOCCOCCOCCOC.[Li+],2
200,57253998,5387566,COCCOCCOCCOCCOC.[Li+],2
201,57254006,5387566,COCCOCCOCCOCCOC.[Li+],2
202,57254030,5387566,COCCOCCOCCOCCOC.[Li+],2
203,57254033,5387566,COCCOCCOCCOCCOC.[Li+],2
204,57533494,5387566,COCCOCCOCCOCCOC.[Li+],2
205,57533507,5387566,COCCOCCOCCOCCOC.[Li+],2
206,57533544,5387566,COCCOCCOCCOCCOC.[Li+],2
207,57632847,5387566,COCCOCCOCCOCCOC.[Li+],2
208,57637826,5387566,COCCOCCOCCOCCOC.[Li+],2
209,57637854,5387566,COCCOCCOCCOCCOC.[Li+],2
210,57637875,5387566,COCCOCCOCCOCCOC.[Li+],2
211,57637881,5387566,COCCOCCOCCOCCOC.[Li+],2
212,57637888,5387566,COCCOCCOCCOCCOC.[Li+],2
213,57667786,5387566,COCCOCCOCCOCCOC.[Li+],2
214,57667788,5387566,COCCOCCOCCOCCOC.[Li+],2
215,57667803,5387566,COCCOCCOCCOCCOC.[Li+],2
216,57667827,5387566,COCCOCCOCCOCCOC.[Li+],2
217,57675646,5387566,COCCOCCOCCOCCOC.[Li+],2
218,57675647,5387566,COCCOCCOCCOCCOC.[Li+],2
219,57675684,5387566,COCCOCCOCCOCCOC.[Li+],2
220,57675693,5387566,COCCOCCOCCOCCOC.[Li+],2
221,57675698,5387566,COCCOCCOCCOCCOC.[Li+],2
222,57707904,5387566,COCCOCCOCCOCCOC.[Li+],2
223,57707909,5387566,COCCOCCOCCOCCOC.[Li+],2
224,57707933,5387566,COCCOCCOCCOCCOC.[Li+],2
225,57707942,5387566,COCCOCCOCCOCCOC.[Li+],2
226,57707956,5387566,COCCOCCOCCOCCOC.[Li+],2
227,57758991,5387566,COCCOCCOCCOCCOC.[Li+],2
228,57758992,5387566,COCCOCCOCCOCCOC.[Li+],2
229,57758996,5387566,COCCOCCOCCOCCOC.[Li+],2
230,57759015,5387566,COCCOCCOCCOCCOC.[Li+],2
231,57953238,5387566,COCCOCCOCCOCCOC.[Li+],2
232,58043730,5387530,COCCOCCOCCOCCOC,0
233,58043742,5387530,COCCOCCOCCOCCOC,0
234,58043760,5387530,COCCOCCOCCOCCOC,0
235,58044529,5387566,COCCOCCOCCOCCOC.[Li+],2
236,58068615,5387566,COCCOCCOCCOCCOC.[Li+],2
237,58125744,5387530,COCCOCCOCCOCCOC,0
238,58125769,5387530,COCCOCCOCCOCCOC,0
239,58125780,5387530,COCCOCCOCCOCCOC,0
240,58125787,5387530,COCCOCCOCCOCCOC,0
241,58125793,5387530,COCCOCCOCCOCCOC,0
242,58125817,5387530,COCCOCCOCCOCCOC,0
243,58125833,5387530,COCCOCCOCCOCCOC,0
244,58125882,5387530,COCCOCCOCCOCCOC,0
245,58125890,5387530,COCCOCCOCCOCCOC,0
246,58191291,5387566,COCCOCCOCCOCCOC.[Li+],2
247,58191299,5387566,COCCOCCOCCOCCOC.[Li+],2
248,58191317,5387566,COCCOCCOCCOCCOC.[Li+],2
249,58191330,5387566,COCCOCCOCCOCCOC.[Li+],2
250,58191332,5387566,COCCOCCOCCOCCOC.[Li+],2
251,58191340,5387566,COCCOCCOCCOCCOC.[Li+],2
252,58191353,5387566,COCCOCCOCCOCCOC.[Li+],2
253,58191360,5387566,COCCOCCOCCOCCOC.[Li+],2
254,58191363,5387566,COCCOCCOCCOCCOC.[Li+],2
255,58191366,5387566,COCCOCCOCCOCCOC.[Li+],2
256,58191969,5387530,COCCOCCOCCOCCOC,0
257,58191992,5387530,COCCOCCOCCOCCOC,0
258,58192006,5387530,COCCOCCOCCOCCOC,0
259,58192021,5387530,COCCOCCOCCOCCOC,0
260,58201077,5387566,COCCOCCOCCOCCOC.[Li+],2
261,58209274,5387530,COCCOCCOCCOCCOC,0
262,58209295,5387530,COCCOCCOCCOCCOC,0
263,58209300,5387530,COCCOCCOCCOCCOC,0
264,58209302,5387530,COCCOCCOCCOCCOC,0
265,58209304,5387530,COCCOCCOCCOCCOC,0
266,58209314,5387530,COCCOCCOCCOCCOC,0
267,58209416,5387530,COCCOCCOCCOCCOC,0
268,58209420,5387530,COCCOCCOCCOCCOC,0
269,58209421,5387530,COCCOCCOCCOCCOC,0
270,58209430,5387530,COCCOCCOCCOCCOC,0
271,58209441,5387530,COCCOCCOCCOCCOC,0
272,58209445,5387530,COCCOCCOCCOCCOC,0
273,58227186,5387530,COCCOCCOCCOCCOC,0
274,58227193,5387530,COCCOCCOCCOCCOC,0
275,58227201,5387530,COCCOCCOCCOCCOC,0
276,58227216,5387530,COCCOCCOCCOCCOC,0
277,58227237,5387530,COCCOCCOCCOCCOC,0
278,58228640,5387566,COCCOCCOCCOCCOC.[Li+],2
279,58228661,5387566,COCCOCCOCCOCCOC.[Li+],2
280,58342359,5387530,COCCOCCOCCOCCOC,0
281,58342368,5387530,COCCOCCOCCOCCOC,0
282,58342414,5387530,COCCOCCOCCOCCOC,0
283,58342419,5387530,COCCOCCOCCOCCOC,0
284,58342427,5387530,COCCOCCOCCOCCOC,0
285,58342436,5387530,COCCOCCOCCOCCOC,0
286,58342437,5387530,COCCOCCOCCOCCOC,0
287,58351797,5635893,O=S(=O)([N-]S(=O)(=O)C(F)(F)F)C(F)(F)F.O=S(=O)([N-]S(=O)(=O)C(F)(F)F)C(F)(F)F,2
288,58351809,5635893,O=S(=O)([N-]S(=O)(=O)C(F)(F)F)C(F)(F)F.O=S(=O)([N-]S(=O)(=O)C(F)(F)F)C(F)(F)F,2
289,58353463,5387566,COCCOCCOCCOCCOC.[Li+],2
290,58355070,5387530,COCCOCCOCCOCCOC,0
291,58355090,5387530,COCCOCCOCCOCCOC,0
292,58382666,5635893,O=S(=O)([N-]S(=O)(=O)C(F)(F)F)C(F)(F)F.O=S(=O)([N-]S(=O)(=O)C(F)(F)F)C(F)(F)F,2
293,58382694,5635893,O=S(=O)([N-]S(=O)(=O)C(F)(F)F)C(F)(F)F.O=S(=O)([N-]S(=O)(=O)C(F)(F)F)C(F)(F)F,2
294,58382699,5635893,O=S(=O)([N-]S(=O)(=O)C(F)(F)F)C(F)(F)F.O=S(=O)([N-]S(=O)(=O)C(F)(F)F)C(F)(F)F,2
295,58400798,5387530,COCCOCCOCCOCCOC,0
296,58400800,5387530,COCCOCCOCCOCCOC,0
297,58400813,5387530,COCCOCCOCCOCCOC,0
298,58641445,5387566,COCCOCCOCCOCCOC.[Li+],2
299,58641460,5387566,COCCOCCOCCOCCOC.[Li+],2
300,58641952,5387530,COCCOCCOCCOCCOC,0
301,58729239,5387530,COCCOCCOCCOCCOC,0
302,58729254,5387530,COCCOCCOCCOCCOC,0
303,101437574,5387530,COCCOCCOCCOCCOC,0
304,101437583,5387530,COCCOCCOCCOCCOC,0
305,101437603,5387530,COCCOCCOCCOCCOC,0
306,101437698,5387530,COCCOCCOCCOCCOC,0
307,105179237,5387530,COCCOCCOCCOCCOC,0
308,105179346,5387530,COCCOCCOCCOCCOC,0
309,105179371,5387530,COCCOCCOCCOCCOC,0
310,105179382,5387530,COCCOCCOCCOCCOC,0
311,106886543,5387530,COCCOCCOCCOCCOC,0
312,106886566,5387530,COCCOCCOCCOCCOC,0
313,106886588,5387530,COCCOCCOCCOCCOC,0
314,106886654,5387530,COCCOCCOCCOCCOC,0
315,111042457,5387530,COCCOCCOCCOCCOC,0
316,111042459,5387530,COCCOCCOCCOCCOC,0
317,111042483,5387530,COCCOCCOCCOCCOC,0
318,111042531,5387530,COCCOCCOCCOCCOC,0
319,114528980,5387530,COCCOCCOCCOCCOC,0
320,114529047,5387530,COCCOCCOCCOCCOC,0
321,114529048,5387530,COCCOCCOCCOCCOC,0
322,114529051,5387530,COCCOCCOCCOCCOC,0
323,114529055,5387530,COCCOCCOCCOCCOC,0
324,114529068,5387530,COCCOCCOCCOCCOC,0
325,119499453,5387530,COCCOCCOCCOCCOC,0
326,119499473,5387530,COCCOCCOCCOCCOC,0
327,119499507,5387530,COCCOCCOCCOCCOC,0
328,119499519,5387530,COCCOCCOCCOCCOC,0
329,140120018,5430556,COCCOCCOCCOCCOC.O=S(=O)([N-]S(=O)(=O)C(F)(F)F)C(F)(F)F,2
330,140120076,5430556,COCCOCCOCCOCCOC.O=S(=O)([N-]S(=O)(=O)C(F)(F)F)C(F)(F)F,2
331,140120090,5430556,COCCOCCOCCOCCOC.O=S(=O)([N-]S(=O)(=O)C(F)(F)F)C(F)(F)F,2
332,140120149,5430556,COCCOCCOCCOCCOC.O=S(=O)([N-]S(=O)(=O)C(F)(F)F)C(F)(F)F,2
333,140120162,5430556,COCCOCCOCCOCCOC.O=S(=O)([N-]S(=O)(=O)C(F)(F)F)C(F)(F)F,2
334,140120202,5430556,COCCOCCOCCOCCOC.O=S(=O)([N-]S(=O)(=O)C(F)(F)F)C(F)(F)F,2
335,140120207,5430556,COCCOCCOCCOCCOC.O=S(=O)([N-]S(=O)(=O)C(F)(F)F)C(F)(F)F,2
336,140120215,5430556,COCCOCCOCCOCCOC.O=S(=O)([N-]S(=O)(=O)C(F)(F)F)C(F)(F)F,2
337,140120220,5430556,COCCOCCOCCOCCOC.O=S(=O)([N-]S(=O)(=O)C(F)(F)F)C(F)(F)F,2
338,140120269,5430556,COCCOCCOCCOCCOC.O=S(=O)([N-]S(=O)(=O)C(F)(F)F)C(F)(F)F,2
339,140120273,5430556,COCCOCCOCCOCCOC.O=S(=O)([N-]S(=O)(=O)C(F)(F)F)C(F)(F)F,2
340,140120282,5430556,COCCOCCOCCOCCOC.O=S(=O)([N-]S(=O)(=O)C(F)(F)F)C(F)(F)F,2
341,140120295,5430556,COCCOCCOCCOCCOC.O=S(=O)([N-]S(=O)(=O)C(F)(F)F)C(F)(F)F,2
342,140120320,5430556,COCCOCCOCCOCCOC.O=S(=O)([N-]S(=O)(=O)C(F)(F)F)C(F)(F)F,2
343,140120330,5430556,COCCOCCOCCOCCOC.O=S(=O)([N-]S(=O)(=O)C(F)(F)F)C(F)(F)F,2
344,140120358,5430556,COCCOCCOCCOCCOC.O=S(=O)([N-]S(=O)(=O)C(F)(F)F)C(F)(F)F,2
345,140120361,5430556,COCCOCCOCCOCCOC.O=S(=O)([N-]S(=O)(=O)C(F)(F)F)C(F)(F)F,2
346,140120371,5430556,COCCOCCOCCOCCOC.O=S(=O)([N-]S(=O)(=O)C(F)(F)F)C(F)(F)F,2
347,140120472,5430556,COCCOCCOCCOCCOC.O=S(=O)([N-]S(=O)(=O)C(F)(F)F)C(F)(F)F,2
348,140120493,5430556,COCCOCCOCCOCCOC.O=S(=O)([N-]S(=O)(=O)C(F)(F)F)C(F)(F)F,2
349,140120500,5430556,COCCOCCOCCOCCOC.O=S(=O)([N-]S(=O)(=O)C(F)(F)F)C(F)(F)F,2
350,140120501,5430556,COCCOCCOCCOCCOC.O=S(=O)([N-]S(=O)(=O)C(F)(F)F)C(F)(F)F,2
351,140120572,5430556,COCCOCCOCCOCCOC.O=S(=O)([N-]S(=O)(=O)C(F)(F)F)C(F)(F)F,2
352,140120578,5430556,COCCOCCOCCOCCOC.O=S(=O)([N-]S(=O)(=O)C(F)(F)F)C(F)(F)F,2
353,140120586,5430556,COCCOCCOCCOCCOC.O=S(=O)([N-]S(=O)(=O)C(F)(F)F)C(F)(F)F,2
354,140120594,5430556,COCCOCCOCCOCCOC.O=S(=O)([N-]S(=O)(=O)C(F)(F)F)C(F)(F)F,2
355,140120630,5430556,COCCOCCOCCOCCOC.O=S(=O)([N-]S(=O)(=O)C(F)(F)F)C(F)(F)F,2
356,140120642,5430556,COCCOCCOCCOCCOC.O=S(=O)([N-]S(=O)(=O)C(F)(F)F)C(F)(F)F,2
357,140120679,5430556,COCCOCCOCCOCCOC.O=S(=O)([N-]S(=O)(=O)C(F)(F)F)C(F)(F)F,2
358,140120681,5430556,COCCOCCOCCOCCOC.O=S(=O)([N-]S(=O)(=O)C(F)(F)F)C(F)(F)F,2
359,140122592,5430556,COCCOCCOCCOCCOC.O=S(=O)([N-]S(=O)(=O)C(F)(F)F)C(F)(F)F,2
360,140122738,5430556,COCCOCCOCCOCCOC.O=S(=O)([N-]S(=O)(=O)C(F)(F)F)C(F)(F)F,2
361,140122743,5430556,COCCOCCOCCOCCOC.O=S(=O)([N-]S(=O)(=O)C(F)(F)F)C(F)(F)F,2
362,140122758,5430556,COCCOCCOCCOCCOC.O=S(=O)([N-]S(=O)(=O)C(F)(F)F)C(F)(F)F,2
363,140122798,5430556,COCCOCCOCCOCCOC.O=S(=O)([N-]S(=O)(=O)C(F)(F)F)C(F)(F)F,2
364,140122844,5430556,COCCOCCOCCOCCOC.O=S(=O)([N-]S(=O)(=O)C(F)(F)F)C(F)(F)F,2
365,140122851,5430556,COCCOCCOCCOCCOC.O=S(=O)([N-]S(=O)(=O)C(F)(F)F)C(F)(F)F,2
366,140122871,5430556,COCCOCCOCCOCCOC.O=S(=O)([N-]S(=O)(=O)C(F)(F)F)C(F)(F)F,2
367,140122897,5430556,COCCOCCOCCOCCOC.O=S(=O)([N-]S(=O)(=O)C(F)(F)F)C(F)(F)F,2
368,140122918,5430556,COCCOCCOCCOCCOC.O=S(=O)([N-]S(=O)(=O)C(F)(F)F)C(F)(F)F,2
369,140123444,6079614,COCCOCCOCCOCCOC.O=S(=O)([N-]S(=O)(=O)C(F)(F)F)C(F)(F)F.[Li+],3
370,140123448,6079614,COCCOCCOCCOCCOC.O=S(=O)([N-]S(=O)(=O)C(F)(F)F)C(F)(F)F.[Li+],3
371,140123462,6079614,COCCOCCOCCOCCOC.O=S(=O)([N-]S(=O)(=O)C(F)(F)F)C(F)(F)F.[Li+],3
372,140123463,6079614,COCCOCCOCCOCCOC.O=S(=O)([N-]S(=O)(=O)C(F)(F)F)C(F)(F)F.[Li+],3
373,140123464,6079614,COCCOCCOCCOCCOC.O=S(=O)([N-]S(=O)(=O)C(F)(F)F)C(F)(F)F.[Li+],3
374,140123500,6079614,COCCOCCOCCOCCOC.O=S(=O)([N-]S(=O)(=O)C(F)(F)F)C(F)(F)F.[Li+],3
375,140123517,6079614,COCCOCCOCCOCCOC.O=S(=O)([N-]S(=O)(=O)C(F)(F)F)C(F)(F)F.[Li+],3
376,140123527,6079614,COCCOCCOCCOCCOC.O=S(=O)([N-]S(=O)(=O)C(F)(F)F)C(F)(F)F.[Li+],3
377,140123556,6079614,COCCOCCOCCOCCOC.O=S(=O)([N-]S(=O)(=O)C(F)(F)F)C(F)(F)F.[Li+],3
378,140123579,6079614,COCCOCCOCCOCCOC.O=S(=O)([N-]S(=O)(=O)C(F)(F)F)C(F)(F)F.[Li+],3
379,140123586,6079614,COCCOCCOCCOCCOC.O=S(=O)([N-]S(=O)(=O)C(F)(F)F)C(F)(F)F.[Li+],3
380,140123589,6079614,COCCOCCOCCOCCOC.O=S(=O)([N-]S(=O)(=O)C(F)(F)F)C(F)(F)F.[Li+],3
381,140123619,6079614,COCCOCCOCCOCCOC.O=S(=O)([N-]S(=O)(=O)C(F)(F)F)C(F)(F)F.[Li+],3
382,140123623,6079614,COCCOCCOCCOCCOC.O=S(=O)([N-]S(=O)(=O)C(F)(F)F)C(F)(F)F.[Li+],3
383,140123626,6079614,COCCOCCOCCOCCOC.O=S(=O)([N-]S(=O)(=O)C(F)(F)F)C(F)(F)F.[Li+],3
384,140123627,6079614,COCCOCCOCCOCCOC.O=S(=O)([N-]S(=O)(=O)C(F)(F)F)C(F)(F)F.[Li+],3
385,140123630,6079614,COCCOCCOCCOCCOC.O=S(=O)([N-]S(=O)(=O)C(F)(F)F)C(F)(F)F.[Li+],3
386,140123631,6079614,COCCOCCOCCOCCOC.O=S(=O)([N-]S(=O)(=O)C(F)(F)F)C(F)(F)F.[Li+],3
387,140123642,6079614,COCCOCCOCCOCCOC.O=S(=O)([N-]S(=O)(=O)C(F)(F)F)C(F)(F)F.[Li+],3
388,140123648,6079614,COCCOCCOCCOCCOC.O=S(=O)([N-]S(=O)(=O)C(F)(F)F)C(F)(F)F.[Li+],3
389,140123663,6079614,COCCOCCOCCOCCOC.O=S(=O)([N-]S(=O)(=O)C(F)(F)F)C(F)(F)F.[Li+],3
390,140123670,6079614,COCCOCCOCCOCCOC.O=S(=O)([N-]S(=O)(=O)C(F)(F)F)C(F)(F)F.[Li+],3
391,140123692,6079614,COCCOCCOCCOCCOC.O=S(=O)([N-]S(=O)(=O)C(F)(F)F)C(F)(F)F.[Li+],3
392,140123697,6079614,COCCOCCOCCOCCOC.O=S(=O)([N-]S(=O)(=O)C(F)(F)F)C(F)(F)F.[Li+],3
393,140123711,6079614,COCCOCCOCCOCCOC.O=S(=O)([N-]S(=O)(=O)C(F)(F)F)C(F)(F)F.[Li+],3
394,140123714,6079614,COCCOCCOCCOCCOC.O=S(=O)([N-]S(=O)(=O)C(F)(F)F)C(F)(F)F.[Li+],3
395,140123718,6079614,COCCOCCOCCOCCOC.O=S(=O)([N-]S(=O)(=O)C(F)(F)F)C(F)(F)F.[Li+],3
396,140123749,6079614,COCCOCCOCCOCCOC.O=S(=O)([N-]S(=O)(=O)C(F)(F)F)C(F)(F)F.[Li+],3
397,140123757,6079614,COCCOCCOCCOCCOC.O=S(=O)([N-]S(=O)(=O)C(F)(F)F)C(F)(F)F.[Li+],3
398,140123782,6079614,COCCOCCOCCOCCOC.O=S(=O)([N-]S(=O)(=O)C(F)(F)F)C(F)(F)F.[Li+],3
399,140123790,6079614,COCCOCCOCCOCCOC.O=S(=O)([N-]S(=O)(=O)C(F)(F)F)C(F)(F)F.[Li+],3
400,140123796,6079614,COCCOCCOCCOCCOC.O=S(=O)([N-]S(=O)(=O)C(F)(F)F)C(F)(F)F.[Li+],3
401,140123801,6079614,COCCOCCOCCOCCOC.O=S(=O)([N-]S(=O)(=O)C(F)(F)F)C(F)(F)F.[Li+],3
402,140123804,6079614,COCCOCCOCCOCCOC.O=S(=O)([N-]S(=O)(=O)C(F)(F)F)C(F)(F)F.[Li+],3
403,140123809,6079614,COCCOCCOCCOCCOC.O=S(=O)([N-]S(=O)(=O)C(F)(F)F)C(F)(F)F.[Li+],3
404,140123818,6079614,COCCOCCOCCOCCOC.O=S(=O)([N-]S(=O)(=O)C(F)(F)F)C(F)(F)F.[Li+],3
405,140123823,6079614,COCCOCCOCCOCCOC.O=S(=O)([N-]S(=O)(=O)C(F)(F)F)C(F)(F)F.[Li+],3
406,140123842,6079614,COCCOCCOCCOCCOC.O=S(=O)([N-]S(=O)(=O)C(F)(F)F)C(F)(F)F.[Li+],3
407,140123851,6079614,COCCOCCOCCOCCOC.O=S(=O)([N-]S(=O)(=O)C(F)(F)F)C(F)(F)F.[Li+],3
408,140123852,6079614,COCCOCCOCCOCCOC.O=S(=O)([N-]S(=O)(=O)C(F)(F)F)C(F)(F)F.[Li+],3
409,140123870,6079614,COCCOCCOCCOCCOC.O=S(=O)([N-]S(=O)(=O)C(F)(F)F)C(F)(F)F.[Li+],3
410,140123875,6079614,COCCOCCOCCOCCOC.O=S(=O)([N-]S(=O)(=O)C(F)(F)F)C(F)(F)F.[Li+],3
411,140123889,6079614,COCCOCCOCCOCCOC.O=S(=O)([N-]S(=O)(=O)C(F)(F)F)C(F)(F)F.[Li+],3
412,140123891,6079614,COCCOCCOCCOCCOC.O=S(=O)([N-]S(=O)(=O)C(F)(F)F)C(F)(F)F.[Li+],3
413,140123893,6079614,COCCOCCOCCOCCOC.O=S(=O)([N-]S(=O)(=O)C(F)(F)F)C(F)(F)F.[Li+],3
414,140123901,6079614,COCCOCCOCCOCCOC.O=S(=O)([N-]S(=O)(=O)C(F)(F)F)C(F)(F)F.[Li+],3
415,140123940,6079614,COCCOCCOCCOCCOC.O=S(=O)([N-]S(=O)(=O)C(F)(F)F)C(F)(F)F.[Li+],3
416,140123942,6079614,COCCOCCOCCOCCOC.O=S(=O)([N-]S(=O)(=O)C(F)(F)F)C(F)(F)F.[Li+],3
417,140123965,6079614,COCCOCCOCCOCCOC.O=S(=O)([N-]S(=O)(=O)C(F)(F)F)C(F)(F)F.[Li+],3
418,140123991,6079614,COCCOCCOCCOCCOC.O=S(=O)([N-]S(=O)(=O)C(F)(F)F)C(F)(F)F.[Li+],3
419,140123993,6079614,COCCOCCOCCOCCOC.O=S(=O)([N-]S(=O)(=O)C(F)(F)F)C(F)(F)F.[Li+],3
420,140123996,6079614,COCCOCCOCCOCCOC.O=S(=O)([N-]S(=O)(=O)C(F)(F)F)C(F)(F)F.[Li+],3
421,140124002,6079614,COCCOCCOCCOCCOC.O=S(=O)([N-]S(=O)(=O)C(F)(F)F)C(F)(F)F.[Li+],3
422,140124009,6079614,COCCOCCOCCOCCOC.O=S(=O)([N-]S(=O)(=O)C(F)(F)F)C(F)(F)F.[Li+],3
423,140124021,6079614,COCCOCCOCCOCCOC.O=S(=O)([N-]S(=O)(=O)C(F)(F)F)C(F)(F)F.[Li+],3
424,140124022,6079614,COCCOCCOCCOCCOC.O=S(=O)([N-]S(=O)(=O)C(F)(F)F)C(F)(F)F.[Li+],3
425,140124047,6079614,COCCOCCOCCOCCOC.O=S(=O)([N-]S(=O)(=O)C(F)(F)F)C(F)(F)F.[Li+],3
426,140124049,6079614,COCCOCCOCCOCCOC.O=S(=O)([N-]S(=O)(=O)C(F)(F)F)C(F)(F)F.[Li+],3
427,140124064,6079614,COCCOCCOCCOCCOC.O=S(=O)([N-]S(=O)(=O)C(F)(F)F)C(F)(F)F.[Li+],3
428,140124066,6079614,COCCOCCOCCOCCOC.O=S(=O)([N-]S(=O)(=O)C(F)(F)F)C(F)(F)F.[Li+],3
429,140124067,6079614,COCCOCCOCCOCCOC.O=S(=O)([N-]S(=O)(=O)C(F)(F)F)C(F)(F)F.[Li+],3
430,140124073,6079614,COCCOCCOCCOCCOC.O=S(=O)([N-]S(=O)(=O)C(F)(F)F)C(F)(F)F.[Li+],3
431,140124076,6079614,COCCOCCOCCOCCOC.O=S(=O)([N-]S(=O)(=O)C(F)(F)F)C(F)(F)F.[Li+],3
432,140124079,6079614,COCCOCCOCCOCCOC.O=S(=O)([N-]S(=O)(=O)C(F)(F)F)C(F)(F)F.[Li+],3
433,140137543,6079614,COCCOCCOCCOCCOC.O=S(=O)([N-]S(=O)(=O)C(F)(F)F)C(F)(F)F.[Li+],3
434,140137554,6079614,COCCOCCOCCOCCOC.O=S(=O)([N-]S(=O)(=O)C(F)(F)F)C(F)(F)F.[Li+],3
435,140137559,6079614,COCCOCCOCCOCCOC.O=S(=O)([N-]S(=O)(=O)C(F)(F)F)C(F)(F)F.[Li+],3
436,140137573,6079614,COCCOCCOCCOCCOC.O=S(=O)([N-]S(=O)(=O)C(F)(F)F)C(F)(F)F.[Li+],3
437,140137578,6079614,COCCOCCOCCOCCOC.O=S(=O)([N-]S(=O)(=O)C(F)(F)F)C(F)(F)F.[Li+],3
438,140137580,6079614,COCCOCCOCCOCCOC.O=S(=O)([N-]S(=O)(=O)C(F)(F)F)C(F)(F)F.[Li+],3
439,140137589,6079614,COCCOCCOCCOCCOC.O=S(=O)([N-]S(=O)(=O)C(F)(F)F)C(F)(F)F.[Li+],3
440,140137599,6079614,COCCOCCOCCOCCOC.O=S(=O)([N-]S(=O)(=O)C(F)(F)F)C(F)(F)F.[Li+],3
441,140137609,6079614,COCCOCCOCCOCCOC.O=S(=O)([N-]S(=O)(=O)C(F)(F)F)C(F)(F)F.[Li+],3
442,140137610,6079614,COCCOCCOCCOCCOC.O=S(=O)([N-]S(=O)(=O)C(F)(F)F)C(F)(F)F.[Li+],3
443,140137621,6079614,COCCOCCOCCOCCOC.O=S(=O)([N-]S(=O)(=O)C(F)(F)F)C(F)(F)F.[Li+],3
444,140137647,6079614,COCCOCCOCCOCCOC.O=S(=O)([N-]S(=O)(=O)C(F)(F)F)C(F)(F)F.[Li+],3
445,140137665,6079614,COCCOCCOCCOCCOC.O=S(=O)([N-]S(=O)(=O)C(F)(F)F)C(F)(F)F.[Li+],3
446,140137666,6079614,COCCOCCOCCOCCOC.O=S(=O)([N-]S(=O)(=O)C(F)(F)F)C(F)(F)F.[Li+],3
447,140137682,6079614,COCCOCCOCCOCCOC.O=S(=O)([N-]S(=O)(=O)C(F)(F)F)C(F)(F)F.[Li+],3
448,140137687,6079614,COCCOCCOCCOCCOC.O=S(=O)([N-]S(=O)(=O)C(F)(F)F)C(F)(F)F.[Li+],3
449,140137688,6079614,COCCOCCOCCOCCOC.O=S(=O)([N-]S(=O)(=O)C(F)(F)F)C(F)(F)F.[Li+],3
450,140137695,6079614,COCCOCCOCCOCCOC.O=S(=O)([N-]S(=O)(=O)C(F)(F)F)C(F)(F)F.[Li+],3
451,140137696,6079614,COCCOCCOCCOCCOC.O=S(=O)([N-]S(=O)(=O)C(F)(F)F)C(F)(F)F.[Li+],3
452,140138456,5430556,COCCOCCOCCOCCOC.O=S(=O)([N-]S(=O)(=O)C(F)(F)F)C(F)(F)F,2
453,140138470,5430556,COCCOCCOCCOCCOC.O=S(=O)([N-]S(=O)(=O)C(F)(F)F)C(F)(F)F,2
454,140138534,5430556,COCCOCCOCCOCCOC.O=S(=O)([N-]S(=O)(=O)C(F)(F)F)C(F)(F)F,2
455,140138611,5430556,COCCOCCOCCOCCOC.O=S(=O)([N-]S(=O)(=O)C(F)(F)F)C(F)(F)F,2
456,140138623,5430556,COCCOCCOCCOCCOC.O=S(=O)([N-]S(=O)(=O)C(F)(F)F)C(F)(F)F,2
457,140138643,5430556,COCCOCCOCCOCCOC.O=S(=O)([N-]S(=O)(=O)C(F)(F)F)C(F)(F)F,2
458,140138658,5430556,COCCOCCOCCOCCOC.O=S(=O)([N-]S(=O)(=O)C(F)(F)F)C(F)(F)F,2
459,140138667,5430556,COCCOCCOCCOCCOC.O=S(=O)([N-]S(=O)(=O)C(F)(F)F)C(F)(F)F,2
460,140138681,5430556,COCCOCCOCCOCCOC.O=S(=O)([N-]S(=O)(=O)C(F)(F)F)C(F)(F)F,2
461,140138726,5430556,COCCOCCOCCOCCOC.O=S(=O)([N-]S(=O)(=O)C(F)(F)F)C(F)(F)F,2
462,140138747,5430556,COCCOCCOCCOCCOC.O=S(=O)([N-]S(=O)(=O)C(F)(F)F)C(F)(F)F,2
463,140138765,5430556,COCCOCCOCCOCCOC.O=S(=O)([N-]S(=O)(=O)C(F)(F)F)C(F)(F)F,2
464,140138820,5430556,COCCOCCOCCOCCOC.O=S(=O)([N-]S(=O)(=O)C(F)(F)F)C(F)(F)F,2
465,140138863,5430556,COCCOCCOCCOCCOC.O=S(=O)([N-]S(=O)(=O)C(F)(F)F)C(F)(F)F,2
466,140139248,5430556,COCCOCCOCCOCCOC.O=S(=O)([N-]S(=O)(=O)C(F)(F)F)C(F)(F)F,2
467,140139253,5430556,COCCOCCOCCOCCOC.O=S(=O)([N-]S(=O)(=O)C(F)(F)F)C(F)(F)F,2
468,140139257,5430556,COCCOCCOCCOCCOC.O=S(=O)([N-]S(=O)(=O)C(F)(F)F)C(F)(F)F,2
469,140139272,5430556,COCCOCCOCCOCCOC.O=S(=O)([N-]S(=O)(=O)C(F)(F)F)C(F)(F)F,2
470,140139282,5430556,COCCOCCOCCOCCOC.O=S(=O)([N-]S(=O)(=O)C(F)(F)F)C(F)(F)F,2
471,140139328,5430556,COCCOCCOCCOCCOC.O=S(=O)([N-]S(=O)(=O)C(F)(F)F)C(F)(F)F,2
472,140139334,5430556,COCCOCCOCCOCCOC.O=S(=O)([N-]S(=O)(=O)C(F)(F)F)C(F)(F)F,2
473,140139362,5430556,COCCOCCOCCOCCOC.O=S(=O)([N-]S(=O)(=O)C(F)(F)F)C(F)(F)F,2
474,140139367,5430556,COCCOCCOCCOCCOC.O=S(=O)([N-]S(=O)(=O)C(F)(F)F)C(F)(F)F,2
475,140139412,5430556,COCCOCCOCCOCCOC.O=S(=O)([N-]S(=O)(=O)C(F)(F)F)C(F)(F)F,2
476,140139414,5430556,COCCOCCOCCOCCOC.O=S(=O)([N-]S(=O)(=O)C(F)(F)F)C(F)(F)F,2
477,140139448,5430556,COCCOCCOCCOCCOC.O=S(=O)([N-]S(=O)(=O)C(F)(F)F)C(F)(F)F,2
478,140139494,5430556,COCCOCCOCCOCCOC.O=S(=O)([N-]S(=O)(=O)C(F)(F)F)C(F)(F)F,2
479,140139583,5430556,COCCOCCOCCOCCOC.O=S(=O)([N-]S(=O)(=O)C(F)(F)F)C(F)(F)F,2
480,140139610,5430556,COCCOCCOCCOCCOC.O=S(=O)([N-]S(=O)(=O)C(F)(F)F)C(F)(F)F,2
481,140139667,5430556,COCCOCCOCCOCCOC.O=S(=O)([N-]S(=O)(=O)C(F)(F)F)C(F)(F)F,2
482,140139677,5430556,COCCOCCOCCOCCOC.O=S(=O)([N-]S(=O)(=O)C(F)(F)F)C(F)(F)F,2
483,140139749,5430556,COCCOCCOCCOCCOC.O=S(=O)([N-]S(=O)(=O)C(F)(F)F)C(F)(F)F,2
484,140139758,5430556,COCCOCCOCCOCCOC.O=S(=O)([N-]S(=O)(=O)C(F)(F)F)C(F)(F)F,2
485,140139771,5430556,COCCOCCOCCOCCOC.O=S(=O)([N-]S(=O)(=O)C(F)(F)F)C(F)(F)F,2
486,140139790,5430556,COCCOCCOCCOCCOC.O=S(=O)([N-]S(=O)(=O)C(F)(F)F)C(F)(F)F,2
487,140139861,5430556,COCCOCCOCCOCCOC.O=S(=O)([N-]S(=O)(=O)C(F)(F)F)C(F)(F)F,2
488,140139863,5430556,COCCOCCOCCOCCOC.O=S(=O)([N-]S(=O)(=O)C(F)(F)F)C(F)(F)F,2
489,140139880,5430556,COCCOCCOCCOCCOC.O=S(=O)([N-]S(=O)(=O)C(F)(F)F)C(F)(F)F,2
490,140139896,5430556,COCCOCCOCCOCCOC.O=S(=O)([N-]S(=O)(=O)C(F)(F)F)C(F)(F)F,2
491,140139914,5430556,COCCOCCOCCOCCOC.O=S(=O)([N-]S(=O)(=O)C(F)(F)F)C(F)(F)F,2
492,140139947,5430556,COCCOCCOCCOCCOC.O=S(=O)([N-]S(=O)(=O)C(F)(F)F)C(F)(F)F,2
493,140139967,5430556,COCCOCCOCCOCCOC.O=S(=O)([N-]S(=O)(=O)C(F)(F)F)C(F)(F)F,2
494,140139993,5430556,COCCOCCOCCOCCOC.O=S(=O)([N-]S(=O)(=O)C(F)(F)F)C(F)(F)F,2
495,140140000,5430556,COCCOCCOCCOCCOC.O=S(=O)([N-]S(=O)(=O)C(F)(F)F)C(F)(F)F,2
496,140140006,5430556,COCCOCCOCCOCCOC.O=S(=O)([N-]S(=O)(=O)C(F)(F)F)C(F)(F)F,2
497,140140030,5430556,COCCOCCOCCOCCOC.O=S(=O)([N-]S(=O)(=O)C(F)(F)F)C(F)(F)F,2
498,140140074,5430556,COCCOCCOCCOCCOC.O=S(=O)([N-]S(=O)(=O)C(F)(F)F)C(F)(F)F,2
499,183417742,5387530,COCCOCCOCCOCCOC,0
500,183417745,5387530,COCCOCCOCCOCCOC,0
501,183417746,5387530,COCCOCCOCCOCCOC,0
502,183417747,5387530,COCCOCCOCCOCCOC,0
503,183417750,5387530,COCCOCCOCCOCCOC,0
504,183417751,5387530,COCCOCCOCCOCCOC,0
505,183417752,5387530,COCCOCCOCCOCCOC,0
506,183417753,5387530,COCCOCCOCCOCCOC,0
507,183417755,5387530,COCCOCCOCCOCCOC,0
508,183417756,5387530,COCCOCCOCCOCCOC,0
509,183417757,5387530,COCCOCCOCCOCCOC,0
510,183417759,5387530,COCCOCCOCCOCCOC,0
511,183417760,5387530,COCCOCCOCCOCCOC,0
512,183417761,5387530,COCCOCCOCCOCCOC,0
513,183417762,5387530,COCCOCCOCCOCCOC,0
514,183417768,5387530,COCCOCCOCCOCCOC,0
515,183417769,5387530,COCCOCCOCCOCCOC,0
516,183417772,5387530,COCCOCCOCCOCCOC,0
517,183417774,5387530,COCCOCCOCCOCCOC,0
518,183417779,5387530,COCCOCCOCCOCCOC,0
519,183417780,5387530,COCCOCCOCCOCCOC,0
520,183417783,5387530,COCCOCCOCCOCCOC,0
521,183417787,5387530,COCCOCCOCCOCCOC,0
522,183417789,5387530,COCCOCCOCCOCCOC,0
523,183417794,5387530,COCCOCCOCCOCCOC,0
524,183417798,5387530,COCCOCCOCCOCCOC,0
525,183417801,5387530,COCCOCCOCCOCCOC,0
526,183417802,5387530,COCCOCCOCCOCCOC,0
527,183417803,5387530,COCCOCCOCCOCCOC,0
528,183417805,5387530,COCCOCCOCCOCCOC,0
529,183417809,5387530,COCCOCCOCCOCCOC,0
530,183417810,5387530,COCCOCCOCCOCCOC,0
531,183417815,5387530,COCCOCCOCCOCCOC,0
532,183417816,5387530,COCCOCCOCCOCCOC,0
533,183417819,5387530,COCCOCCOCCOCCOC,0
534,183417820,5387530,COCCOCCOCCOCCOC,0
535,183417823,5387530,COCCOCCOCCOCCOC,0
536,183417829,5387530,COCCOCCOCCOCCOC,0
537,183417833,5387530,COCCOCCOCCOCCOC,0
538,183417834,5387530,COCCOCCOCCOCCOC,0
539,183417836,5387530,COCCOCCOCCOCCOC,0
540,183417840,5387530,COCCOCCOCCOCCOC,0
541,183417841,5387530,COCCOCCOCCOCCOC,0
542,183417842,5387530,COCCOCCOCCOCCOC,0
543,183417843,5387530,COCCOCCOCCOCCOC,0
544,183417844,5387530,COCCOCCOCCOCCOC,0
545,183417845,5387530,COCCOCCOCCOCCOC,0
546,183417846,5387530,COCCOCCOCCOCCOC,0
547,183417847,5387530,COCCOCCOCCOCCOC,0
548,183417848,5387530,COCCOCCOCCOCCOC,0
549,183417849,5387530,COCCOCCOCCOCCOC,0
550,183417859,5387530,COCCOCCOCCOCCOC,0
551,183417860,5387530,COCCOCCOCCOCCOC,0
552,183417863,5387530,COCCOCCOCCOCCOC,0
553,183417865,5387530,COCCOCCOCCOCCOC,0
554,183417866,5387530,COCCOCCOCCOCCOC,0
555,183417867,5387530,COCCOCCOCCOCCOC,0
556,183417869,5387530,COCCOCCOCCOCCOC,0
557,183417870,5387530,COCCOCCOCCOCCOC,0
558,183417872,5387530,COCCOCCOCCOCCOC,0
559,183417881,5387530,COCCOCCOCCOCCOC,0
560,183417882,5387530,COCCOCCOCCOCCOC,0
561,183417883,5387530,COCCOCCOCCOCCOC,0
562,183417885,5387530,COCCOCCOCCOCCOC,0
563,183417886,5387530,COCCOCCOCCOCCOC,0
564,183417889,5387530,COCCOCCOCCOCCOC,0
565,183417892,5387530,COCCOCCOCCOCCOC,0
566,183417895,5387530,COCCOCCOCCOCCOC,0
567,183417896,5387530,COCCOCCOCCOCCOC,0
568,183417903,5387530,COCCOCCOCCOCCOC,0
569,183417906,5387530,COCCOCCOCCOCCOC,0
570,183417908,5387530,COCCOCCOCCOCCOC,0
571,183417910,5387530,COCCOCCOCCOCCOC,0
572,183417912,5387530,COCCOCCOCCOCCOC,0
573,183417914,5387530,COCCOCCOCCOCCOC,0
574,183417916,5387530,COCCOCCOCCOCCOC,0
575,183417918,5387530,COCCOCCOCCOCCOC,0
576,183417920,5387530,COCCOCCOCCOCCOC,0
577,183417921,5387530,COCCOCCOCCOCCOC,0
578,183417922,5387530,COCCOCCOCCOCCOC,0
579,183417925,5387530,COCCOCCOCCOCCOC,0
580,183417926,5387530,COCCOCCOCCOCCOC,0
581,183417927,5387530,COCCOCCOCCOCCOC,0
582,183417928,5387530,COCCOCCOCCOCCOC,0
583,183417931,5387530,COCCOCCOCCOCCOC,0
584,183417933,5387530,COCCOCCOCCOCCOC,0
585,183417935,5387530,COCCOCCOCCOCCOC,0
586,183417936,5387530,COCCOCCOCCOCCOC,0
587,183417937,5387530,COCCOCCOCCOCCOC,0
588,183417940,5387530,COCCOCCOCCOCCOC,0
589,183417949,5387530,COCCOCCOCCOCCOC,0
590,183417952,5387530,COCCOCCOCCOCCOC,0
591,183417953,5387530,COCCOCCOCCOCCOC,0
592,183417954,5387530,COCCOCCOCCOCCOC,0
593,183417957,5387530,COCCOCCOCCOCCOC,0
594,183417959,5387530,COCCOCCOCCOCCOC,0
595,183417961,5387530,COCCOCCOCCOCCOC,0
596,183417963,5387530,COCCOCCOCCOCCOC,0
597,183417964,5387530,COCCOCCOCCOCCOC,0
598,183417965,5387530,COCCOCCOCCOCCOC,0
599,183417967,5387530,COCCOCCOCCOCCOC,0
600,183417970,5387530,COCCOCCOCCOCCOC,0
601,183417973,5387530,COCCOCCOCCOCCOC,0
602,183417975,5387530,COCCOCCOCCOCCOC,0
603,183417976,5387530,COCCOCCOCCOCCOC,0
604,183417982,5387530,COCCOCCOCCOCCOC,0
605,183417984,5387530,COCCOCCOCCOCCOC,0
606,183417987,5387530,COCCOCCOCCOCCOC,0
607,183417988,5387530,COCCOCCOCCOCCOC,0
608,183417989,5387530,COCCOCCOCCOCCOC,0
609,183417990,5387530,COCCOCCOCCOCCOC,0
610,183417991,5387530,COCCOCCOCCOCCOC,0
611,183417992,5387530,COCCOCCOCCOCCOC,0
612,183418490,5387530,COCCOCCOCCOCCOC,0
613,183418493,5387530,COCCOCCOCCOCCOC,0
614,183418497,5387530,COCCOCCOCCOCCOC,0
615,183418499,5387530,COCCOCCOCCOCCOC,0
616,183418503,5387530,COCCOCCOCCOCCOC,0
617,183418506,5387530,COCCOCCOCCOCCOC,0
618,183418509,5387530,COCCOCCOCCOCCOC,0
619,183418511,5387530,COCCOCCOCCOCCOC,0
620,183418515,5387530,COCCOCCOCCOCCOC,0
621,183418516,5387530,COCCOCCOCCOCCOC,0
622,183418518,5387530,COCCOCCOCCOCCOC,0
623,183418520,5387530,COCCOCCOCCOCCOC,0
624,183418521,5387530,COCCOCCOCCOCCOC,0
625,183418522,5387530,COCCOCCOCCOCCOC,0
626,183418523,5387530,COCCOCCOCCOCCOC,0
627,183418528,5387530,COCCOCCOCCOCCOC,0
628,183418533,5387530,COCCOCCOCCOCCOC,0
629,183418535,5387530,COCCOCCOCCOCCOC,0
630,183418536,5387530,COCCOCCOCCOCCOC,0
631,183418538,5387530,COCCOCCOCCOCCOC,0
632,183418539,5387530,COCCOCCOCCOCCOC,0
633,183418540,5387530,COCCOCCOCCOCCOC,0
634,183418543,5387530,COCCOCCOCCOCCOC,0
635,183418547,5387530,COCCOCCOCCOCCOC,0
636,183418549,5387530,COCCOCCOCCOCCOC,0
637,183418552,5387530,COCCOCCOCCOCCOC,0
638,183418554,5387530,COCCOCCOCCOCCOC,0
639,183418555,5387530,COCCOCCOCCOCCOC,0
640,183418557,5387530,COCCOCCOCCOCCOC,0
641,183418559,5387530,COCCOCCOCCOCCOC,0
642,183418561,5387530,COCCOCCOCCOCCOC,0
643,183418562,5387530,COCCOCCOCCOCCOC,0
644,183418565,5387530,COCCOCCOCCOCCOC,0
645,183418567,5387530,COCCOCCOCCOCCOC,0
646,183418568,5387530,COCCOCCOCCOCCOC,0
647,183418569,5387530,COCCOCCOCCOCCOC,0
648,183418572,5387530,COCCOCCOCCOCCOC,0
649,183418573,5387530,COCCOCCOCCOCCOC,0
650,183418574,5387530,COCCOCCOCCOCCOC,0
651,183418575,5387530,COCCOCCOCCOCCOC,0
652,183418576,5387530,COCCOCCOCCOCCOC,0
653,183418577,5387530,COCCOCCOCCOCCOC,0
654,183418582,5387530,COCCOCCOCCOCCOC,0
655,183418586,5387530,COCCOCCOCCOCCOC,0
656,183418587,5387530,COCCOCCOCCOCCOC,0
657,183418588,5387530,COCCOCCOCCOCCOC,0
658,183418590,5387530,COCCOCCOCCOCCOC,0
659,183418592,5387530,COCCOCCOCCOCCOC,0
660,183418597,5387530,COCCOCCOCCOCCOC,0
661,183418599,5387530,COCCOCCOCCOCCOC,0
662,183418600,5387530,COCCOCCOCCOCCOC,0
663,183418601,5387530,COCCOCCOCCOCCOC,0
664,183418602,5387530,COCCOCCOCCOCCOC,0
665,183418606,5387530,COCCOCCOCCOCCOC,0
666,183418607,5387530,COCCOCCOCCOCCOC,0
667,183418608,5387530,COCCOCCOCCOCCOC,0
668,183418609,5387530,COCCOCCOCCOCCOC,0
669,183418612,5387530,COCCOCCOCCOCCOC,0
670,183418616,5387530,COCCOCCOCCOCCOC,0
671,183418617,5387530,COCCOCCOCCOCCOC,0
672,183418618,5387530,COCCOCCOCCOCCOC,0
673,183418620,5387530,COCCOCCOCCOCCOC,0
674,183418621,5387530,COCCOCCOCCOCCOC,0
675,183418622,5387530,COCCOCCOCCOCCOC,0
676,183418623,5387530,COCCOCCOCCOCCOC,0
677,183418624,5387530,COCCOCCOCCOCCOC,0
678,183418625,5387530,COCCOCCOCCOCCOC,0
679,183418626,5387530,COCCOCCOCCOCCOC,0
680,183418627,5387530,COCCOCCOCCOCCOC,0
681,183418628,5387530,COCCOCCOCCOCCOC,0
682,183418629,5387530,COCCOCCOCCOCCOC,0
683,183418630,5387530,COCCOCCOCCOCCOC,0
684,183418631,5387530,COCCOCCOCCOCCOC,0
685,183418632,5387530,COCCOCCOCCOCCOC,0
686,183418633,5387530,COCCOCCOCCOCCOC,0
687,183418635,5387530,COCCOCCOCCOCCOC,0
688,183418637,5387530,COCCOCCOCCOCCOC,0
689,183418638,5387530,COCCOCCOCCOCCOC,0
690,183418641,5387530,COCCOCCOCCOCCOC,0
691,183418646,5387530,COCCOCCOCCOCCOC,0
692,183418647,5387530,COCCOCCOCCOCCOC,0
693,183418648,5387530,COCCOCCOCCOCCOC,0
694,183418651,5387530,COCCOCCOCCOCCOC,0
695,183418652,5387530,COCCOCCOCCOCCOC,0
696,183418653,5387530,COCCOCCOCCOCCOC,0
697,183418657,5387530,COCCOCCOCCOCCOC,0
698,183418658,5387530,COCCOCCOCCOCCOC,0
699,183418659,5387530,COCCOCCOCCOCCOC,0
700,183418662,5387530,COCCOCCOCCOCCOC,0
701,183418663,5387530,COCCOCCOCCOCCOC,0
702,183418664,5387530,COCCOCCOCCOCCOC,0
703,183418666,5387530,COCCOCCOCCOCCOC,0
704,183418667,5387530,COCCOCCOCCOCCOC,0
705,183418670,5387530,COCCOCCOCCOCCOC,0
706,183418672,5387530,COCCOCCOCCOCCOC,0
707,183418673,5387530,COCCOCCOCCOCCOC,0
708,183418675,5387530,COCCOCCOCCOCCOC,0
709,183418677,5387530,COCCOCCOCCOCCOC,0
710,183418678,5387530,COCCOCCOCCOCCOC,0
711,183418679,5387530,COCCOCCOCCOCCOC,0
712,183418681,5387530,COCCOCCOCCOCCOC,0
713,183418683,5387530,COCCOCCOCCOCCOC,0
714,183418685,5387530,COCCOCCOCCOCCOC,0
715,183418688,5387530,COCCOCCOCCOCCOC,0
716,183418691,5387530,COCCOCCOCCOCCOC,0
717,183418692,5387530,COCCOCCOCCOCCOC,0
718,183418696,5387530,COCCOCCOCCOCCOC,0
719,183418698,5387530,COCCOCCOCCOCCOC,0
720,183418699,5387530,COCCOCCOCCOCCOC,0
721,183418701,5387530,COCCOCCOCCOCCOC,0
722,183418703,5387530,COCCOCCOCCOCCOC,0
723,183418704,5387530,COCCOCCOCCOCCOC,0
724,183418705,5387530,COCCOCCOCCOCCOC,0
725,183418712,5387530,COCCOCCOCCOCCOC,0
726,183418713,5387530,COCCOCCOCCOCCOC,0
727,183418714,5387530,COCCOCCOCCOCCOC,0
728,183418715,5387530,COCCOCCOCCOCCOC,0
729,183418716,5387530,COCCOCCOCCOCCOC,0
730,183418717,5387530,COCCOCCOCCOCCOC,0
731,183418720,5387530,COCCOCCOCCOCCOC,0
732,183418721,5387530,COCCOCCOCCOCCOC,0
733,183418732,5387530,COCCOCCOCCOCCOC,0
734,183418733,5387530,COCCOCCOCCOCCOC,0
735,183418735,5387530,COCCOCCOCCOCCOC,0
736,183418737,5387530,COCCOCCOCCOCCOC,0
737,50340319,5635893,O=S(=O)([N-]S(=O)(=O)C(F)(F)F)C(F)(F)F.O=S(=O)([N-]S(=O)(=O)C(F)(F)F)C(F)(F)F,2
738,50340327,5635893,O=S(=O)([N-]S(=O)(=O)C(F)(F)F)C(F)(F)F.O=S(=O)([N-]S(=O)(=O)C(F)(F)F)C(F)(F)F,2
739,50340338,5635893,O=S(=O)([N-]S(=O)(=O)C(F)(F)F)C(F)(F)F.O=S(=O)([N-]S(=O)(=O)C(F)(F)F)C(F)(F)F,2
740,50340345,5635893,O=S(=O)([N-]S(=O)(=O)C(F)(F)F)C(F)(F)F.O=S(=O)([N-]S(=O)(=O)C(F)(F)F)C(F)(F)F,2
741,51174181,5635893,O=S(=O)([N-]S(=O)(=O)C(F)(F)F)C(F)(F)F.O=S(=O)([N-]S(=O)(=O)C(F)(F)F)C(F)(F)F,2
742,51174213,5635893,O=S(=O)([N-]S(=O)(=O)C(F)(F)F)C(F)(F)F.O=S(=O)([N-]S(=O)(=O)C(F)(F)F)C(F)(F)F,2
743,51174214,5635893,O=S(=O)([N-]S(=O)(=O)C(F)(F)F)C(F)(F)F.O=S(=O)([N-]S(=O)(=O)C(F)(F)F)C(F)(F)F,2
744,51174334,5635893,O=S(=O)([N-]S(=O)(=O)C(F)(F)F)C(F)(F)F.O=S(=O)([N-]S(=O)(=O)C(F)(F)F)C(F)(F)F,2
745,51295807,5635893,O=S(=O)([N-]S(=O)(=O)C(F)(F)F)C(F)(F)F.O=S(=O)([N-]S(=O)(=O)C(F)(F)F)C(F)(F)F,2
746,51295817,5635893,O=S(=O)([N-]S(=O)(=O)C(F)(F)F)C(F)(F)F.O=S(=O)([N-]S(=O)(=O)C(F)(F)F)C(F)(F)F,2
747,51295826,5635893,O=S(=O)([N-]S(=O)(=O)C(F)(F)F)C(F)(F)F.O=S(=O)([N-]S(=O)(=O)C(F)(F)F)C(F)(F)F,2
748,51374249,5635893,O=S(=O)([N-]S(=O)(=O)C(F)(F)F)C(F)(F)F.O=S(=O)([N-]S(=O)(=O)C(F)(F)F)C(F)(F)F,2
749,51374266,5635893,O=S(=O)([N-]S(=O)(=O)C(F)(F)F)C(F)(F)F.O=S(=O)([N-]S(=O)(=O)C(F)(F)F)C(F)(F)F,2
750,51374361,5635893,O=S(=O)([N-]S(=O)(=O)C(F)(F)F)C(F)(F)F.O=S(=O)([N-]S(=O)(=O)C(F)(F)F)C(F)(F)F,2
751,51374384,5635893,O=S(=O)([N-]S(=O)(=O)C(F)(F)F)C(F)(F)F.O=S(=O)([N-]S(=O)(=O)C(F)(F)F)C(F)(F)F,2
752,51416577,5635893,O=S(=O)([N-]S(=O)(=O)C(F)(F)F)C(F)(F)F.O=S(=O)([N-]S(=O)(=O)C(F)(F)F)C(F)(F)F,2
753,51416603,5635893,O=S(=O)([N-]S(=O)(=O)C(F)(F)F)C(F)(F)F.O=S(=O)([N-]S(=O)(=O)C(F)(F)F)C(F)(F)F,2
754,51416686,5635893,O=S(=O)([N-]S(=O)(=O)C(F)(F)F)C(F)(F)F.O=S(=O)([N-]S(=O)(=O)C(F)(F)F)C(F)(F)F,2
755,51474272,5635893,O=S(=O)([N-]S(=O)(=O)C(F)(F)F)C(F)(F)F.O=S(=O)([N-]S(=O)(=O)C(F)(F)F)C(F)(F)F,2
756,51532700,5635893,O=S(=O)([N-]S(=O)(=O)C(F)(F)F)C(F)(F)F.O=S(=O)([N-]S(=O)(=O)C(F)(F)F)C(F)(F)F,2
757,51532712,5635893,O=S(=O)([N-]S(=O)(=O)C(F)(F)F)C(F)(F)F.O=S(=O)([N-]S(=O)(=O)C(F)(F)F)C(F)(F)F,2
758,51532866,5635893,O=S(=O)([N-]S(=O)(=O)C(F)(F)F)C(F)(F)F.O=S(=O)([N-]S(=O)(=O)C(F)(F)F)C(F)(F)F,2
759,51574008,5635893,O=S(=O)([N-]S(=O)(=O)C(F)(F)F)C(F)(F)F.O=S(=O)([N-]S(=O)(=O)C(F)(F)F)C(F)(F)F,2
760,51574076,5635893,O=S(=O)([N-]S(=O)(=O)C(F)(F)F)C(F)(F)F.O=S(=O)([N-]S(=O)(=O)C(F)(F)F)C(F)(F)F,2
761,51574097,5635893,O=S(=O)([N-]S(=O)(=O)C(F)(F)F)C(F)(F)F.O=S(=O)([N-]S(=O)(=O)C(F)(F)F)C(F)(F)F,2
762,51574100,5635893,O=S(=O)([N-]S(=O)(=O)C(F)(F)F)C(F)(F)F.O=S(=O)([N-]S(=O)(=O)C(F)(F)F)C(F)(F)F,2
763,51680904,5635893,O=S(=O)([N-]S(=O)(=O)C(F)(F)F)C(F)(F)F.O=S(=O)([N-]S(=O)(=O)C(F)(F)F)C(F)(F)F,2
764,51680940,5635893,O=S(=O)([N-]S(=O)(=O)C(F)(F)F)C(F)(F)F.O=S(=O)([N-]S(=O)(=O)C(F)(F)F)C(F)(F)F,2
765,51680991,5635893,O=S(=O)([N-]S(=O)(=O)C(F)(F)F)C(F)(F)F.O=S(=O)([N-]S(=O)(=O)C(F)(F)F)C(F)(F)F,2
766,51681002,5635893,O=S(=O)([N-]S(=O)(=O)C(F)(F)F)C(F)(F)F.O=S(=O)([N-]S(=O)(=O)C(F)(F)F)C(F)(F)F,2
767,51681041,5635893,O=S(=O)([N-]S(=O)(=O)C(F)(F)F)C(F)(F)F.O=S(=O)([N-]S(=O)(=O)C(F)(F)F)C(F)(F)F,2
768,51681055,5635893,O=S(=O)([N-]S(=O)(=O)C(F)(F)F)C(F)(F)F.O=S(=O)([N-]S(=O)(=O)C(F)(F)F)C(F)(F)F,2
769,51708729,5635893,O=S(=O)([N-]S(=O)(=O)C(F)(F)F)C(F)(F)F.O=S(=O)([N-]S(=O)(=O)C(F)(F)F)C(F)(F)F,2
770,51708744,5635893,O=S(=O)([N-]S(=O)(=O)C(F)(F)F)C(F)(F)F.O=S(=O)([N-]S(=O)(=O)C(F)(F)F)C(F)(F)F,2
771,51790154,5635893,O=S(=O)([N-]S(=O)(=O)C(F)(F)F)C(F)(F)F.O=S(=O)([N-]S(=O)(=O)C(F)(F)F)C(F)(F)F,2
772,51790167,5635893,O=S(=O)([N-]S(=O)(=O)C(F)(F)F)C(F)(F)F.O=S(=O)([N-]S(=O)(=O)C(F)(F)F)C(F)(F)F,2
773,51790190,5635893,O=S(=O)([N-]S(=O)(=O)C(F)(F)F)C(F)(F)F.O=S(=O)([N-]S(=O)(=O)C(F)(F)F)C(F)(F)F,2
774,51790215,5635893,O=S(=O)([N-]S(=O)(=O)C(F)(F)F)C(F)(F)F.O=S(=O)([N-]S(=O)(=O)C(F)(F)F)C(F)(F)F,2
775,51790236,5635893,O=S(=O)([N-]S(=O)(=O)C(F)(F)F)C(F)(F)F.O=S(=O)([N-]S(=O)(=O)C(F)(F)F)C(F)(F)F,2
776,51790253,5635893,O=S(=O)([N-]S(=O)(=O)C(F)(F)F)C(F)(F)F.O=S(=O)([N-]S(=O)(=O)C(F)(F)F)C(F)(F)F,2
777,51878152,5635893,O=S(=O)([N-]S(=O)(=O)C(F)(F)F)C(F)(F)F.O=S(=O)([N-]S(=O)(=O)C(F)(F)F)C(F)(F)F,2
778,51878169,5635893,O=S(=O)([N-]S(=O)(=O)C(F)(F)F)C(F)(F)F.O=S(=O)([N-]S(=O)(=O)C(F)(F)F)C(F)(F)F,2
779,51878178,5635893,O=S(=O)([N-]S(=O)(=O)C(F)(F)F)C(F)(F)F.O=S(=O)([N-]S(=O)(=O)C(F)(F)F)C(F)(F)F,2
780,51987335,5635893,O=S(=O)([N-]S(=O)(=O)C(F)(F)F)C(F)(F)F.O=S(=O)([N-]S(=O)(=O)C(F)(F)F)C(F)(F)F,2
781,51987351,5635893,O=S(=O)([N-]S(=O)(=O)C(F)(F)F)C(F)(F)F.O=S(=O)([N-]S(=O)(=O)C(F)(F)F)C(F)(F)F,2
782,51987377,5635893,O=S(=O)([N-]S(=O)(=O)C(F)(F)F)C(F)(F)F.O=S(=O)([N-]S(=O)(=O)C(F)(F)F)C(F)(F)F,2
783,52070436,5635893,O=S(=O)([N-]S(=O)(=O)C(F)(F)F)C(F)(F)F.O=S(=O)([N-]S(=O)(=O)C(F)(F)F)C(F)(F)F,2
784,52070457,5635893,O=S(=O)([N-]S(=O)(=O)C(F)(F)F)C(F)(F)F.O=S(=O)([N-]S(=O)(=O)C(F)(F)F)C(F)(F)F,2
785,52070460,5635893,O=S(=O)([N-]S(=O)(=O)C(F)(F)F)C(F)(F)F.O=S(=O)([N-]S(=O)(=O)C(F)(F)F)C(F)(F)F,2
786,52070510,5635893,O=S(=O)([N-]S(=O)(=O)C(F)(F)F)C(F)(F)F.O=S(=O)([N-]S(=O)(=O)C(F)(F)F)C(F)(F)F,2
787,52070581,5635893,O=S(=O)([N-]S(=O)(=O)C(F)(F)F)C(F)(F)F.O=S(=O)([N-]S(=O)(=O)C(F)(F)F)C(F)(F)F,2
788,52206344,5635893,O=S(=O)([N-]S(=O)(=O)C(F)(F)F)C(F)(F)F.O=S(=O)([N-]S(=O)(=O)C(F)(F)F)C(F)(F)F,2
789,52206361,5635893,O=S(=O)([N-]S(=O)(=O)C(F)(F)F)C(F)(F)F.O=S(=O)([N-]S(=O)(=O)C(F)(F)F)C(F)(F)F,2
790,56105256,5387566,COCCOCCOCCOCCOC.[Li+],2
791,56168527,5387566,COCCOCCOCCOCCOC.[Li+],2
792,56508542,5387566,COCCOCCOCCOCCOC.[Li+],2
793,56709592,5387566,COCCOCCOCCOCCOC.[Li+],2
794,56769961,5387566,COCCOCCOCCOCCOC.[Li+],2
795,56907408,5387566,COCCOCCOCCOCCOC.[Li+],2
796,57232150,5387566,COCCOCCOCCOCCOC.[Li+],2
797,57232171,5387566,COCCOCCOCCOCCOC.[Li+],2
798,57232174,5387566,COCCOCCOCCOCCOC.[Li+],2
799,57232178,5387566,COCCOCCOCCOCCOC.[Li+],2
800,57232209,5387566,COCCOCCOCCOCCOC.[Li+],2
801,57254037,5387566,COCCOCCOCCOCCOC.[Li+],2
802,57533527,5387566,COCCOCCOCCOCCOC.[Li+],2
803,57632834,5387566,COCCOCCOCCOCCOC.[Li+],2
804,57632837,5387566,COCCOCCOCCOCCOC.[Li+],2
805,57667816,5387566,COCCOCCOCCOCCOC.[Li+],2
806,57707899,5387566,COCCOCCOCCOCCOC.[Li+],2
807,57758977,5387566,COCCOCCOCCOCCOC.[Li+],2
808,57953246,5387566,COCCOCCOCCOCCOC.[Li+],2
809,58043765,5387530,COCCOCCOCCOCCOC,0
810,58068632,5387566,COCCOCCOCCOCCOC.[Li+],2
811,58125785,5387530,COCCOCCOCCOCCOC,0
812,58125794,5387530,COCCOCCOCCOCCOC,0
813,58125806,5387530,COCCOCCOCCOCCOC,0
814,58125851,5387530,COCCOCCOCCOCCOC,0
815,58191302,5387566,COCCOCCOCCOCCOC.[Li+],2
816,58191321,5387566,COCCOCCOCCOCCOC.[Li+],2
817,58191328,5387566,COCCOCCOCCOCCOC.[Li+],2
818,58191348,5387566,COCCOCCOCCOCCOC.[Li+],2
819,58191352,5387566,COCCOCCOCCOCCOC.[Li+],2
820,58191355,5387566,COCCOCCOCCOCCOC.[Li+],2
821,58191356,5387566,COCCOCCOCCOCCOC.[Li+],2
822,58191974,5387530,COCCOCCOCCOCCOC,0
823,58209418,5387530,COCCOCCOCCOCCOC,0
824,58227208,5387530,COCCOCCOCCOCCOC,0
825,58228622,5387566,COCCOCCOCCOCCOC.[Li+],2
826,58351837,5635893,O=S(=O)([N-]S(=O)(=O)C(F)(F)F)C(F)(F)F.O=S(=O)([N-]S(=O)(=O)C(F)(F)F)C(F)(F)F,2
827,58351839,5635893,O=S(=O)([N-]S(=O)(=O)C(F)(F)F)C(F)(F)F.O=S(=O)([N-]S(=O)(=O)C(F)(F)F)C(F)(F)F,2
828,58355089,5387530,COCCOCCOCCOCCOC,0
829,58355095,5387530,COCCOCCOCCOCCOC,0
830,58355096,5387530,COCCOCCOCCOCCOC,0
831,58641444,5387566,COCCOCCOCCOCCOC.[Li+],2
832,58641447,5387566,COCCOCCOCCOCCOC.[Li+],2
833,58728829,5387566,COCCOCCOCCOCCOC.[Li+],2
834,105179245,5387530,COCCOCCOCCOCCOC,0
835,105179249,5387530,COCCOCCOCCOCCOC,0
836,105179313,5387530,COCCOCCOCCOCCOC,0
837,105179355,5387530,COCCOCCOCCOCCOC,0
838,106886469,5387530,COCCOCCOCCOCCOC,0
839,106886498,5387530,COCCOCCOCCOCCOC,0
840,106886547,5387530,COCCOCCOCCOCCOC,0
841,111042428,5387530,COCCOCCOCCOCCOC,0
842,111042481,5387530,COCCOCCOCCOCCOC,0
843,111042518,5387530,COCCOCCOCCOCCOC,0
844,114528963,5387530,COCCOCCOCCOCCOC,0
845,114529052,5387530,COCCOCCOCCOCCOC,0
846,119499460,5387530,COCCOCCOCCOCCOC,0
847,119499486,5387530,COCCOCCOCCOCCOC,0
848,119499513,5387530,COCCOCCOCCOCCOC,0
849,140120034,5430556,COCCOCCOCCOCCOC.O=S(=O)([N-]S(=O)(=O)C(F)(F)F)C(F)(F)F,2
850,140120253,5430556,COCCOCCOCCOCCOC.O=S(=O)([N-]S(=O)(=O)C(F)(F)F)C(F)(F)F,2
851,140120270,5430556,COCCOCCOCCOCCOC.O=S(=O)([N-]S(=O)(=O)C(F)(F)F)C(F)(F)F,2
852,140120377,5430556,COCCOCCOCCOCCOC.O=S(=O)([N-]S(=O)(=O)C(F)(F)F)C(F)(F)F,2
853,140120390,5430556,COCCOCCOCCOCCOC.O=S(=O)([N-]S(=O)(=O)C(F)(F)F)C(F)(F)F,2
854,140120417,5430556,COCCOCCOCCOCCOC.O=S(=O)([N-]S(=O)(=O)C(F)(F)F)C(F)(F)F,2
855,140120435,5430556,COCCOCCOCCOCCOC.O=S(=O)([N-]S(=O)(=O)C(F)(F)F)C(F)(F)F,2
856,140120491,5430556,COCCOCCOCCOCCOC.O=S(=O)([N-]S(=O)(=O)C(F)(F)F)C(F)(F)F,2
857,140120513,5430556,COCCOCCOCCOCCOC.O=S(=O)([N-]S(=O)(=O)C(F)(F)F)C(F)(F)F,2
858,140120571,5430556,COCCOCCOCCOCCOC.O=S(=O)([N-]S(=O)(=O)C(F)(F)F)C(F)(F)F,2
859,140120601,5430556,COCCOCCOCCOCCOC.O=S(=O)([N-]S(=O)(=O)C(F)(F)F)C(F)(F)F,2
860,140122603,5430556,COCCOCCOCCOCCOC.O=S(=O)([N-]S(=O)(=O)C(F)(F)F)C(F)(F)F,2
861,140123446,6079614,COCCOCCOCCOCCOC.O=S(=O)([N-]S(=O)(=O)C(F)(F)F)C(F)(F)F.[Li+],3
862,140123598,6079614,COCCOCCOCCOCCOC.O=S(=O)([N-]S(=O)(=O)C(F)(F)F)C(F)(F)F.[Li+],3
863,140123601,6079614,COCCOCCOCCOCCOC.O=S(=O)([N-]S(=O)(=O)C(F)(F)F)C(F)(F)F.[Li+],3
864,140123614,6079614,COCCOCCOCCOCCOC.O=S(=O)([N-]S(=O)(=O)C(F)(F)F)C(F)(F)F.[Li+],3
865,140123616,6079614,COCCOCCOCCOCCOC.O=S(=O)([N-]S(=O)(=O)C(F)(F)F)C(F)(F)F.[Li+],3
866,140123658,6079614,COCCOCCOCCOCCOC.O=S(=O)([N-]S(=O)(=O)C(F)(F)F)C(F)(F)F.[Li+],3
867,140123678,6079614,COCCOCCOCCOCCOC.O=S(=O)([N-]S(=O)(=O)C(F)(F)F)C(F)(F)F.[Li+],3
868,140123701,6079614,COCCOCCOCCOCCOC.O=S(=O)([N-]S(=O)(=O)C(F)(F)F)C(F)(F)F.[Li+],3
869,140123706,6079614,COCCOCCOCCOCCOC.O=S(=O)([N-]S(=O)(=O)C(F)(F)F)C(F)(F)F.[Li+],3
870,140123766,6079614,COCCOCCOCCOCCOC.O=S(=O)([N-]S(=O)(=O)C(F)(F)F)C(F)(F)F.[Li+],3
871,140123807,6079614,COCCOCCOCCOCCOC.O=S(=O)([N-]S(=O)(=O)C(F)(F)F)C(F)(F)F.[Li+],3
872,140123811,6079614,COCCOCCOCCOCCOC.O=S(=O)([N-]S(=O)(=O)C(F)(F)F)C(F)(F)F.[Li+],3
873,140123813,6079614,COCCOCCOCCOCCOC.O=S(=O)([N-]S(=O)(=O)C(F)(F)F)C(F)(F)F.[Li+],3
874,140123824,6079614,COCCOCCOCCOCCOC.O=S(=O)([N-]S(=O)(=O)C(F)(F)F)C(F)(F)F.[Li+],3
875,140123838,6079614,COCCOCCOCCOCCOC.O=S(=O)([N-]S(=O)(=O)C(F)(F)F)C(F)(F)F.[Li+],3
876,140123894,6079614,COCCOCCOCCOCCOC.O=S(=O)([N-]S(=O)(=O)C(F)(F)F)C(F)(F)F.[Li+],3
877,140123921,6079614,COCCOCCOCCOCCOC.O=S(=O)([N-]S(=O)(=O)C(F)(F)F)C(F)(F)F.[Li+],3
878,140123943,6079614,COCCOCCOCCOCCOC.O=S(=O)([N-]S(=O)(=O)C(F)(F)F)C(F)(F)F.[Li+],3
879,140123946,6079614,COCCOCCOCCOCCOC.O=S(=O)([N-]S(=O)(=O)C(F)(F)F)C(F)(F)F.[Li+],3
880,140123963,6079614,COCCOCCOCCOCCOC.O=S(=O)([N-]S(=O)(=O)C(F)(F)F)C(F)(F)F.[Li+],3
881,140123983,6079614,COCCOCCOCCOCCOC.O=S(=O)([N-]S(=O)(=O)C(F)(F)F)C(F)(F)F.[Li+],3
882,140124023,6079614,COCCOCCOCCOCCOC.O=S(=O)([N-]S(=O)(=O)C(F)(F)F)C(F)(F)F.[Li+],3
883,140124040,6079614,COCCOCCOCCOCCOC.O=S(=O)([N-]S(=O)(=O)C(F)(F)F)C(F)(F)F.[Li+],3
884,140124041,6079614,COCCOCCOCCOCCOC.O=S(=O)([N-]S(=O)(=O)C(F)(F)F)C(F)(F)F.[Li+],3
885,140137563,6079614,COCCOCCOCCOCCOC.O=S(=O)([N-]S(=O)(=O)C(F)(F)F)C(F)(F)F.[Li+],3
886,140137656,6079614,COCCOCCOCCOCCOC.O=S(=O)([N-]S(=O)(=O)C(F)(F)F)C(F)(F)F.[Li+],3
887,140137662,6079614,COCCOCCOCCOCCOC.O=S(=O)([N-]S(=O)(=O)C(F)(F)F)C(F)(F)F.[Li+],3
888,140137692,6079614,COCCOCCOCCOCCOC.O=S(=O)([N-]S(=O)(=O)C(F)(F)F)C(F)(F)F.[Li+],3
889,140138443,5430556,COCCOCCOCCOCCOC.O=S(=O)([N-]S(=O)(=O)C(F)(F)F)C(F)(F)F,2
890,140138505,5430556,COCCOCCOCCOCCOC.O=S(=O)([N-]S(=O)(=O)C(F)(F)F)C(F)(F)F,2
891,140138564,5430556,COCCOCCOCCOCCOC.O=S(=O)([N-]S(=O)(=O)C(F)(F)F)C(F)(F)F,2
892,140138641,5430556,COCCOCCOCCOCCOC.O=S(=O)([N-]S(=O)(=O)C(F)(F)F)C(F)(F)F,2
893,140138683,5430556,COCCOCCOCCOCCOC.O=S(=O)([N-]S(=O)(=O)C(F)(F)F)C(F)(F)F,2
894,140138704,5430556,COCCOCCOCCOCCOC.O=S(=O)([N-]S(=O)(=O)C(F)(F)F)C(F)(F)F,2
895,140138730,5430556,COCCOCCOCCOCCOC.O=S(=O)([N-]S(=O)(=O)C(F)(F)F)C(F)(F)F,2
896,140138733,5430556,COCCOCCOCCOCCOC.O=S(=O)([N-]S(=O)(=O)C(F)(F)F)C(F)(F)F,2
897,140139345,5430556,COCCOCCOCCOCCOC.O=S(=O)([N-]S(=O)(=O)C(F)(F)F)C(F)(F)F,2
898,140139587,5430556,COCCOCCOCCOCCOC.O=S(=O)([N-]S(=O)(=O)C(F)(F)F)C(F)(F)F,2
899,140139602,5430556,COCCOCCOCCOCCOC.O=S(=O)([N-]S(=O)(=O)C(F)(F)F)C(F)(F)F,2
900,140139618,5430556,COCCOCCOCCOCCOC.O=S(=O)([N-]S(=O)(=O)C(F)(F)F)C(F)(F)F,2
901,140139622,5430556,COCCOCCOCCOCCOC.O=S(=O)([N-]S(=O)(=O)C(F)(F)F)C(F)(F)F,2
902,140139653,5430556,COCCOCCOCCOCCOC.O=S(=O)([N-]S(=O)(=O)C(F)(F)F)C(F)(F)F,2
903,140139802,5430556,COCCOCCOCCOCCOC.O=S(=O)([N-]S(=O)(=O)C(F)(F)F)C(F)(F)F,2
904,140139981,5430556,COCCOCCOCCOCCOC.O=S(=O)([N-]S(=O)(=O)C(F)(F)F)C(F)(F)F,2
905,140139992,5430556,COCCOCCOCCOCCOC.O=S(=O)([N-]S(=O)(=O)C(F)(F)F)C(F)(F)F,2
906,183417763,5387530,COCCOCCOCCOCCOC,0
907,183417764,5387530,COCCOCCOCCOCCOC,0
908,183417765,5387530,COCCOCCOCCOCCOC,0
909,183417767,5387530,COCCOCCOCCOCCOC,0
910,183417778,5387530,COCCOCCOCCOCCOC,0
911,183417785,5387530,COCCOCCOCCOCCOC,0
912,183417786,5387530,COCCOCCOCCOCCOC,0
913,183417790,5387530,COCCOCCOCCOCCOC,0
914,183417791,5387530,COCCOCCOCCOCCOC,0
915,183417792,5387530,COCCOCCOCCOCCOC,0
916,183417793,5387530,COCCOCCOCCOCCOC,0
917,183417796,5387530,COCCOCCOCCOCCOC,0
918,183417797,5387530,COCCOCCOCCOCCOC,0
919,183417804,5387530,COCCOCCOCCOCCOC,0
920,183417811,5387530,COCCOCCOCCOCCOC,0
921,183417821,5387530,COCCOCCOCCOCCOC,0
922,183417828,5387530,COCCOCCOCCOCCOC,0
923,183417832,5387530,COCCOCCOCCOCCOC,0
924,183417857,5387530,COCCOCCOCCOCCOC,0
925,183417858,5387530,COCCOCCOCCOCCOC,0
926,183417864,5387530,COCCOCCOCCOCCOC,0
927,183417884,5387530,COCCOCCOCCOCCOC,0
928,183417888,5387530,COCCOCCOCCOCCOC,0
929,183417893,5387530,COCCOCCOCCOCCOC,0
930,183417899,5387530,COCCOCCOCCOCCOC,0
931,183417901,5387530,COCCOCCOCCOCCOC,0
932,183417930,5387530,COCCOCCOCCOCCOC,0
933,183417939,5387530,COCCOCCOCCOCCOC,0
934,183417942,5387530,COCCOCCOCCOCCOC,0
935,183417944,5387530,COCCOCCOCCOCCOC,0
936,183417946,5387530,COCCOCCOCCOCCOC,0
937,183417950,5387530,COCCOCCOCCOCCOC,0
938,183417962,5387530,COCCOCCOCCOCCOC,0
939,183417971,5387530,COCCOCCOCCOCCOC,0
940,183417977,5387530,COCCOCCOCCOCCOC,0
941,183417979,5387530,COCCOCCOCCOCCOC,0
942,183417983,5387530,COCCOCCOCCOCCOC,0
943,183417986,5387530,COCCOCCOCCOCCOC,0
944,183418489,5387530,COCCOCCOCCOCCOC,0
945,183418494,5387530,COCCOCCOCCOCCOC,0
946,183418496,5387530,COCCOCCOCCOCCOC,0
947,183418500,5387530,COCCOCCOCCOCCOC,0
948,183418502,5387530,COCCOCCOCCOCCOC,0
949,183418505,5387530,COCCOCCOCCOCCOC,0
950,183418507,5387530,COCCOCCOCCOCCOC,0
951,183418508,5387530,COCCOCCOCCOCCOC,0
952,183418553,5387530,COCCOCCOCCOCCOC,0
953,183418558,5387530,COCCOCCOCCOCCOC,0
954,183418560,5387530,COCCOCCOCCOCCOC,0
955,183418563,5387530,COCCOCCOCCOCCOC,0
956,183418570,5387530,COCCOCCOCCOCCOC,0
957,183418578,5387530,COCCOCCOCCOCCOC,0
958,183418580,5387530,COCCOCCOCCOCCOC,0
959,183418581,5387530,COCCOCCOCCOCCOC,0
960,183418583,5387530,COCCOCCOCCOCCOC,0
961,183418594,5387530,COCCOCCOCCOCCOC,0
962,183418615,5387530,COCCOCCOCCOCCOC,0
963,183418634,5387530,COCCOCCOCCOCCOC,0
964,183418639,5387530,COCCOCCOCCOCCOC,0
965,183418642,5387530,COCCOCCOCCOCCOC,0
966,183418645,5387530,COCCOCCOCCOCCOC,0
967,183418656,5387530,COCCOCCOCCOCCOC,0
968,183418660,5387530,COCCOCCOCCOCCOC,0
969,183418661,5387530,COCCOCCOCCOCCOC,0
970,183418680,5387530,COCCOCCOCCOCCOC,0
971,183418684,5387530,COCCOCCOCCOCCOC,0
972,183418687,5387530,COCCOCCOCCOCCOC,0
973,183418690,5387530,COCCOCCOCCOCCOC,0
974,183418694,5387530,COCCOCCOCCOCCOC,0
975,183418697,5387530,COCCOCCOCCOCCOC,0
976,183418700,5387530,COCCOCCOCCOCCOC,0
977,183418702,5387530,COCCOCCOCCOCCOC,0
978,183418719,5387530,COCCOCCOCCOCCOC,0
979,183418727,5387530,COCCOCCOCCOCCOC,0
980,183418729,5387530,COCCOCCOCCOCCOC,0
981,183418730,5387530,COCCOCCOCCOCCOC,0
982,183418736,5387530,COCCOCCOCCOCCOC,0
983,183418738,5387530,COCCOCCOCCOCCOC,0
984,50482529,5635893,O=S(=O)([N-]S(=O)(=O)C(F)(F)F)C(F)(F)F.O=S(=O)([N-]S(=O)(=O)C(F)(F)F)C(F)(F)F,2
985,50753069,5635893,O=S(=O)([N-]S(=O)(=O)C(F)(F)F)C(F)(F)F.O=S(=O)([N-]S(=O)(=O)C(F)(F)F)C(F)(F)F,2
986,51174194,5635893,O=S(=O)([N-]S(=O)(=O)C(F)(F)F)C(F)(F)F.O=S(=O)([N-]S(=O)(=O)C(F)(F)F)C(F)(F)F,2
987,51174211,5635893,O=S(=O)([N-]S(=O)(=O)C(F)(F)F)C(F)(F)F.O=S(=O)([N-]S(=O)(=O)C(F)(F)F)C(F)(F)F,2
988,51174212,5635893,O=S(=O)([N-]S(=O)(=O)C(F)(F)F)C(F)(F)F.O=S(=O)([N-]S(=O)(=O)C(F)(F)F)C(F)(F)F,2
989,51174244,5635893,O=S(=O)([N-]S(=O)(=O)C(F)(F)F)C(F)(F)F.O=S(=O)([N-]S(=O)(=O)C(F)(F)F)C(F)(F)F,2
990,51174297,5635893,O=S(=O)([N-]S(=O)(=O)C(F)(F)F)C(F)(F)F.O=S(=O)([N-]S(=O)(=O)C(F)(F)F)C(F)(F)F,2
991,51174314,5635893,O=S(=O)([N-]S(=O)(=O)C(F)(F)F)C(F)(F)F.O=S(=O)([N-]S(=O)(=O)C(F)(F)F)C(F)(F)F,2
992,51174322,5635893,O=S(=O)([N-]S(=O)(=O)C(F)(F)F)C(F)(F)F.O=S(=O)([N-]S(=O)(=O)C(F)(F)F)C(F)(F)F,2
993,51295851,5635893,O=S(=O)([N-]S(=O)(=O)C(F)(F)F)C(F)(F)F.O=S(=O)([N-]S(=O)(=O)C(F)(F)F)C(F)(F)F,2
994,51295858,5635893,O=S(=O)([N-]S(=O)(=O)C(F)(F)F)C(F)(F)F.O=S(=O)([N-]S(=O)(=O)C(F)(F)F)C(F)(F)F,2
995,51374317,5635893,O=S(=O)([N-]S(=O)(=O)C(F)(F)F)C(F)(F)F.O=S(=O)([N-]S(=O)(=O)C(F)(F)F)C(F)(F)F,2
996,51374336,5635893,O=S(=O)([N-]S(=O)(=O)C(F)(F)F)C(F)(F)F.O=S(=O)([N-]S(=O)(=O)C(F)(F)F)C(F)(F)F,2
997,51374340,5635893,O=S(=O)([N-]S(=O)(=O)C(F)(F)F)C(F)(F)F.O=S(=O)([N-]S(=O)(=O)C(F)(F)F)C(F)(F)F,2
998,51416606,5635893,O=S(=O)([N-]S(=O)(=O)C(F)(F)F)C(F)(F)F.O=S(=O)([N-]S(=O)(=O)C(F)(F)F)C(F)(F)F,2
999,51474288,5635893,O=S(=O)([N-]S(=O)(=O)C(F)(F)F)C(F)(F)F.O=S(=O)([N-]S(=O)(=O)C(F)(F)F)C(F)(F)F,2
1000,51474293,5635893,O=S(=O)([N-]S(=O)(=O)C(F)(F)F)C(F)(F)F.O=S(=O)([N-]S(=O)(=O)C(F)(F)F)C(F)(F)F,2
1001,51474316,5635893,O=S(=O)([N-]S(=O)(=O)C(F)(F)F)C(F)(F)F.O=S(=O)([N-]S(=O)(=O)C(F)(F)F)C(F)(F)F,2
1002,51474345,5635893,O=S(=O)([N-]S(=O)(=O)C(F)(F)F)C(F)(F)F.O=S(=O)([N-]S(=O)(=O)C(F)(F)F)C(F)(F)F,2
1003,51474386,5635893,O=S(=O)([N-]S(=O)(=O)C(F)(F)F)C(F)(F)F.O=S(=O)([N-]S(=O)(=O)C(F)(F)F)C(F)(F)F,2
1004,51532757,5635893,O=S(=O)([N-]S(=O)(=O)C(F)(F)F)C(F)(F)F.O=S(=O)([N-]S(=O)(=O)C(F)(F)F)C(F)(F)F,2
1005,51532786,5635893,O=S(=O)([N-]S(=O)(=O)C(F)(F)F)C(F)(F)F.O=S(=O)([N-]S(=O)(=O)C(F)(F)F)C(F)(F)F,2
1006,51532801,5635893,O=S(=O)([N-]S(=O)(=O)C(F)(F)F)C(F)(F)F.O=S(=O)([N-]S(=O)(=O)C(F)(F)F)C(F)(F)F,2
1007,51532841,5635893,O=S(=O)([N-]S(=O)(=O)C(F)(F)F)C(F)(F)F.O=S(=O)([N-]S(=O)(=O)C(F)(F)F)C(F)(F)F,2
1008,51532882,5635893,O=S(=O)([N-]S(=O)(=O)C(F)(F)F)C(F)(F)F.O=S(=O)([N-]S(=O)(=O)C(F)(F)F)C(F)(F)F,2
1009,51573998,5635893,O=S(=O)([N-]S(=O)(=O)C(F)(F)F)C(F)(F)F.O=S(=O)([N-]S(=O)(=O)C(F)(F)F)C(F)(F)F,2
1010,51574018,5635893,O=S(=O)([N-]S(=O)(=O)C(F)(F)F)C(F)(F)F.O=S(=O)([N-]S(=O)(=O)C(F)(F)F)C(F)(F)F,2
1011,51574041,5635893,O=S(=O)([N-]S(=O)(=O)C(F)(F)F)C(F)(F)F.O=S(=O)([N-]S(=O)(=O)C(F)(F)F)C(F)(F)F,2
1012,51574092,5635893,O=S(=O)([N-]S(=O)(=O)C(F)(F)F)C(F)(F)F.O=S(=O)([N-]S(=O)(=O)C(F)(F)F)C(F)(F)F,2
1013,51574116,5635893,O=S(=O)([N-]S(=O)(=O)C(F)(F)F)C(F)(F)F.O=S(=O)([N-]S(=O)(=O)C(F)(F)F)C(F)(F)F,2
1014,51574141,5635893,O=S(=O)([N-]S(=O)(=O)C(F)(F)F)C(F)(F)F.O=S(=O)([N-]S(=O)(=O)C(F)(F)F)C(F)(F)F,2
1015,51574149,5635893,O=S(=O)([N-]S(=O)(=O)C(F)(F)F)C(F)(F)F.O=S(=O)([N-]S(=O)(=O)C(F)(F)F)C(F)(F)F,2
1016,51574150,5635893,O=S(=O)([N-]S(=O)(=O)C(F)(F)F)C(F)(F)F.O=S(=O)([N-]S(=O)(=O)C(F)(F)F)C(F)(F)F,2
1017,51680921,5635893,O=S(=O)([N-]S(=O)(=O)C(F)(F)F)C(F)(F)F.O=S(=O)([N-]S(=O)(=O)C(F)(F)F)C(F)(F)F,2
1018,51680981,5635893,O=S(=O)([N-]S(=O)(=O)C(F)(F)F)C(F)(F)F.O=S(=O)([N-]S(=O)(=O)C(F)(F)F)C(F)(F)F,2
1019,51708688,5635893,O=S(=O)([N-]S(=O)(=O)C(F)(F)F)C(F)(F)F.O=S(=O)([N-]S(=O)(=O)C(F)(F)F)C(F)(F)F,2
1020,51790162,5635893,O=S(=O)([N-]S(=O)(=O)C(F)(F)F)C(F)(F)F.O=S(=O)([N-]S(=O)(=O)C(F)(F)F)C(F)(F)F,2
1021,51790315,5635893,O=S(=O)([N-]S(=O)(=O)C(F)(F)F)C(F)(F)F.O=S(=O)([N-]S(=O)(=O)C(F)(F)F)C(F)(F)F,2
1022,51878010,5635893,O=S(=O)([N-]S(=O)(=O)C(F)(F)F)C(F)(F)F.O=S(=O)([N-]S(=O)(=O)C(F)(F)F)C(F)(F)F,2
1023,51878017,5635893,O=S(=O)([N-]S(=O)(=O)C(F)(F)F)C(F)(F)F.O=S(=O)([N-]S(=O)(=O)C(F)(F)F)C(F)(F)F,2
1024,51878036,5635893,O=S(=O)([N-]S(=O)(=O)C(F)(F)F)C(F)(F)F.O=S(=O)([N-]S(=O)(=O)C(F)(F)F)C(F)(F)F,2
1025,51878083,5635893,O=S(=O)([N-]S(=O)(=O)C(F)(F)F)C(F)(F)F.O=S(=O)([N-]S(=O)(=O)C(F)(F)F)C(F)(F)F,2
1026,51878127,5635893,O=S(=O)([N-]S(=O)(=O)C(F)(F)F)C(F)(F)F.O=S(=O)([N-]S(=O)(=O)C(F)(F)F)C(F)(F)F,2
1027,51987277,5635893,O=S(=O)([N-]S(=O)(=O)C(F)(F)F)C(F)(F)F.O=S(=O)([N-]S(=O)(=O)C(F)(F)F)C(F)(F)F,2
1028,51987298,5635893,O=S(=O)([N-]S(=O)(=O)C(F)(F)F)C(F)(F)F.O=S(=O)([N-]S(=O)(=O)C(F)(F)F)C(F)(F)F,2
1029,51987331,5635893,O=S(=O)([N-]S(=O)(=O)C(F)(F)F)C(F)(F)F.O=S(=O)([N-]S(=O)(=O)C(F)(F)F)C(F)(F)F,2
1030,51987360,5635893,O=S(=O)([N-]S(=O)(=O)C(F)(F)F)C(F)(F)F.O=S(=O)([N-]S(=O)(=O)C(F)(F)F)C(F)(F)F,2
1031,51987427,5635893,O=S(=O)([N-]S(=O)(=O)C(F)(F)F)C(F)(F)F.O=S(=O)([N-]S(=O)(=O)C(F)(F)F)C(F)(F)F,2
1032,52070570,5635893,O=S(=O)([N-]S(=O)(=O)C(F)(F)F)C(F)(F)F.O=S(=O)([N-]S(=O)(=O)C(F)(F)F)C(F)(F)F,2
1033,52206318,5635893,O=S(=O)([N-]S(=O)(=O)C(F)(F)F)C(F)(F)F.O=S(=O)([N-]S(=O)(=O)C(F)(F)F)C(F)(F)F,2
1034,52206324,5635893,O=S(=O)([N-]S(=O)(=O)C(F)(F)F)C(F)(F)F.O=S(=O)([N-]S(=O)(=O)C(F)(F)F)C(F)(F)F,2
1035,52206431,5635893,O=S(=O)([N-]S(=O)(=O)C(F)(F)F)C(F)(F)F.O=S(=O)([N-]S(=O)(=O)C(F)(F)F)C(F)(F)F,2
1036,56064102,5387566,COCCOCCOCCOCCOC.[Li+],2
1037,56064152,5387566,COCCOCCOCCOCCOC.[Li+],2
1038,56168560,5387566,COCCOCCOCCOCCOC.[Li+],2
1039,56280507,5387566,COCCOCCOCCOCCOC.[Li+],2
1040,56280517,5387566,COCCOCCOCCOCCOC.[Li+],2
1041,56280536,5387566,COCCOCCOCCOCCOC.[Li+],2
1042,56280542,5387566,COCCOCCOCCOCCOC.[Li+],2
1043,56280560,5387566,COCCOCCOCCOCCOC.[Li+],2
1044,56396346,5387566,COCCOCCOCCOCCOC.[Li+],2
1045,56508589,5387566,COCCOCCOCCOCCOC.[Li+],2
1046,56709596,5387566,COCCOCCOCCOCCOC.[Li+],2
1047,57232161,5387566,COCCOCCOCCOCCOC.[Li+],2
1048,57232165,5387566,COCCOCCOCCOCCOC.[Li+],2
1049,57232207,5387566,COCCOCCOCCOCCOC.[Li+],2
1050,57232215,5387566,COCCOCCOCCOCCOC.[Li+],2
1051,57232226,5387566,COCCOCCOCCOCCOC.[Li+],2
1052,57253994,5387566,COCCOCCOCCOCCOC.[Li+],2
1053,57533528,5387566,COCCOCCOCCOCCOC.[Li+],2
1054,57637868,5387566,COCCOCCOCCOCCOC.[Li+],2
1055,57667801,5387566,COCCOCCOCCOCCOC.[Li+],2
1056,57707901,5387566,COCCOCCOCCOCCOC.[Li+],2
1057,57707952,5387566,COCCOCCOCCOCCOC.[Li+],2
1058,57707954,5387566,COCCOCCOCCOCCOC.[Li+],2
1059,57953236,5387566,COCCOCCOCCOCCOC.[Li+],2
1060,58043783,5387530,COCCOCCOCCOCCOC,0
1061,58044495,5387566,COCCOCCOCCOCCOC.[Li+],2
1062,58044497,5387566,COCCOCCOCCOCCOC.[Li+],2
1063,58068606,5387566,COCCOCCOCCOCCOC.[Li+],2
1064,58068641,5387566,COCCOCCOCCOCCOC.[Li+],2
1065,58125693,5387530,COCCOCCOCCOCCOC,0
1066,58125694,5387530,COCCOCCOCCOCCOC,0
1067,58125728,5387530,COCCOCCOCCOCCOC,0
1068,58125804,5387530,COCCOCCOCCOCCOC,0
1069,58125811,5387530,COCCOCCOCCOCCOC,0
1070,58191997,5387530,COCCOCCOCCOCCOC,0
1071,58192003,5387530,COCCOCCOCCOCCOC,0
1072,58192036,5387530,COCCOCCOCCOCCOC,0
1073,58209276,5387530,COCCOCCOCCOCCOC,0
1074,58209282,5387530,COCCOCCOCCOCCOC,0
1075,58227220,5387530,COCCOCCOCCOCCOC,0
1076,58227221,5387530,COCCOCCOCCOCCOC,0
1077,58227241,5387530,COCCOCCOCCOCCOC,0
1078,58342433,5387530,COCCOCCOCCOCCOC,0
1079,58355087,5387530,COCCOCCOCCOCCOC,0
1080,58382669,5635893,O=S(=O)([N-]S(=O)(=O)C(F)(F)F)C(F)(F)F.O=S(=O)([N-]S(=O)(=O)C(F)(F)F)C(F)(F)F,2
1081,58382680,5635893,O=S(=O)([N-]S(=O)(=O)C(F)(F)F)C(F)(F)F.O=S(=O)([N-]S(=O)(=O)C(F)(F)F)C(F)(F)F,2
1082,58382691,5635893,O=S(=O)([N-]S(=O)(=O)C(F)(F)F)C(F)(F)F.O=S(=O)([N-]S(=O)(=O)C(F)(F)F)C(F)(F)F,2
1083,58401378,5387566,COCCOCCOCCOCCOC.[Li+],2
1084,58641450,5387566,COCCOCCOCCOCCOC.[Li+],2
1085,58641956,5387530,COCCOCCOCCOCCOC,0
1086,58728840,5387566,COCCOCCOCCOCCOC.[Li+],2
1087,101437649,5387530,COCCOCCOCCOCCOC,0
1088,101437711,5387530,COCCOCCOCCOCCOC,0
1089,114528998,5387530,COCCOCCOCCOCCOC,0
1090,119499522,5387530,COCCOCCOCCOCCOC,0
1091,140120043,5430556,COCCOCCOCCOCCOC.O=S(=O)([N-]S(=O)(=O)C(F)(F)F)C(F)(F)F,2
1092,140120058,5430556,COCCOCCOCCOCCOC.O=S(=O)([N-]S(=O)(=O)C(F)(F)F)C(F)(F)F,2
1093,140120168,5430556,COCCOCCOCCOCCOC.O=S(=O)([N-]S(=O)(=O)C(F)(F)F)C(F)(F)F,2
1094,140120288,5430556,COCCOCCOCCOCCOC.O=S(=O)([N-]S(=O)(=O)C(F)(F)F)C(F)(F)F,2
1095,140120431,5430556,COCCOCCOCCOCCOC.O=S(=O)([N-]S(=O)(=O)C(F)(F)F)C(F)(F)F,2
1096,140120576,5430556,COCCOCCOCCOCCOC.O=S(=O)([N-]S(=O)(=O)C(F)(F)F)C(F)(F)F,2
1097,140120656,5430556,COCCOCCOCCOCCOC.O=S(=O)([N-]S(=O)(=O)C(F)(F)F)C(F)(F)F,2
1098,140120660,5430556,COCCOCCOCCOCCOC.O=S(=O)([N-]S(=O)(=O)C(F)(F)F)C(F)(F)F,2
1099,140122599,5430556,COCCOCCOCCOCCOC.O=S(=O)([N-]S(=O)(=O)C(F)(F)F)C(F)(F)F,2
1100,140122605,5430556,COCCOCCOCCOCCOC.O=S(=O)([N-]S(=O)(=O)C(F)(F)F)C(F)(F)F,2
1101,140122624,5430556,COCCOCCOCCOCCOC.O=S(=O)([N-]S(=O)(=O)C(F)(F)F)C(F)(F)F,2
1102,140122759,5430556,COCCOCCOCCOCCOC.O=S(=O)([N-]S(=O)(=O)C(F)(F)F)C(F)(F)F,2
1103,140123440,6079614,COCCOCCOCCOCCOC.O=S(=O)([N-]S(=O)(=O)C(F)(F)F)C(F)(F)F.[Li+],3
1104,140123492,6079614,COCCOCCOCCOCCOC.O=S(=O)([N-]S(=O)(=O)C(F)(F)F)C(F)(F)F.[Li+],3
1105,140123506,6079614,COCCOCCOCCOCCOC.O=S(=O)([N-]S(=O)(=O)C(F)(F)F)C(F)(F)F.[Li+],3
1106,140123509,6079614,COCCOCCOCCOCCOC.O=S(=O)([N-]S(=O)(=O)C(F)(F)F)C(F)(F)F.[Li+],3
1107,140123518,6079614,COCCOCCOCCOCCOC.O=S(=O)([N-]S(=O)(=O)C(F)(F)F)C(F)(F)F.[Li+],3
1108,140123542,6079614,COCCOCCOCCOCCOC.O=S(=O)([N-]S(=O)(=O)C(F)(F)F)C(F)(F)F.[Li+],3
1109,140123555,6079614,COCCOCCOCCOCCOC.O=S(=O)([N-]S(=O)(=O)C(F)(F)F)C(F)(F)F.[Li+],3
1110,140123583,6079614,COCCOCCOCCOCCOC.O=S(=O)([N-]S(=O)(=O)C(F)(F)F)C(F)(F)F.[Li+],3
1111,140123585,6079614,COCCOCCOCCOCCOC.O=S(=O)([N-]S(=O)(=O)C(F)(F)F)C(F)(F)F.[Li+],3
1112,140123621,6079614,COCCOCCOCCOCCOC.O=S(=O)([N-]S(=O)(=O)C(F)(F)F)C(F)(F)F.[Li+],3
1113,140123681,6079614,COCCOCCOCCOCCOC.O=S(=O)([N-]S(=O)(=O)C(F)(F)F)C(F)(F)F.[Li+],3
1114,140123688,6079614,COCCOCCOCCOCCOC.O=S(=O)([N-]S(=O)(=O)C(F)(F)F)C(F)(F)F.[Li+],3
1115,140123746,6079614,COCCOCCOCCOCCOC.O=S(=O)([N-]S(=O)(=O)C(F)(F)F)C(F)(F)F.[Li+],3
1116,140123834,6079614,COCCOCCOCCOCCOC.O=S(=O)([N-]S(=O)(=O)C(F)(F)F)C(F)(F)F.[Li+],3
1117,140123839,6079614,COCCOCCOCCOCCOC.O=S(=O)([N-]S(=O)(=O)C(F)(F)F)C(F)(F)F.[Li+],3
1118,140123872,6079614,COCCOCCOCCOCCOC.O=S(=O)([N-]S(=O)(=O)C(F)(F)F)C(F)(F)F.[Li+],3
1119,140123915,6079614,COCCOCCOCCOCCOC.O=S(=O)([N-]S(=O)(=O)C(F)(F)F)C(F)(F)F.[Li+],3
1120,140123922,6079614,COCCOCCOCCOCCOC.O=S(=O)([N-]S(=O)(=O)C(F)(F)F)C(F)(F)F.[Li+],3
1121,140123945,6079614,COCCOCCOCCOCCOC.O=S(=O)([N-]S(=O)(=O)C(F)(F)F)C(F)(F)F.[Li+],3
1122,140123990,6079614,COCCOCCOCCOCCOC.O=S(=O)([N-]S(=O)(=O)C(F)(F)F)C(F)(F)F.[Li+],3
1123,140124012,6079614,COCCOCCOCCOCCOC.O=S(=O)([N-]S(=O)(=O)C(F)(F)F)C(F)(F)F.[Li+],3
1124,140124037,6079614,COCCOCCOCCOCCOC.O=S(=O)([N-]S(=O)(=O)C(F)(F)F)C(F)(F)F.[Li+],3
1125,140124057,6079614,COCCOCCOCCOCCOC.O=S(=O)([N-]S(=O)(=O)C(F)(F)F)C(F)(F)F.[Li+],3
1126,140137546,6079614,COCCOCCOCCOCCOC.O=S(=O)([N-]S(=O)(=O)C(F)(F)F)C(F)(F)F.[Li+],3
1127,140137556,6079614,COCCOCCOCCOCCOC.O=S(=O)([N-]S(=O)(=O)C(F)(F)F)C(F)(F)F.[Li+],3
1128,140137581,6079614,COCCOCCOCCOCCOC.O=S(=O)([N-]S(=O)(=O)C(F)(F)F)C(F)(F)F.[Li+],3
1129,140137614,6079614,COCCOCCOCCOCCOC.O=S(=O)([N-]S(=O)(=O)C(F)(F)F)C(F)(F)F.[Li+],3
1130,140137661,6079614,COCCOCCOCCOCCOC.O=S(=O)([N-]S(=O)(=O)C(F)(F)F)C(F)(F)F.[Li+],3
1131,140138466,5430556,COCCOCCOCCOCCOC.O=S(=O)([N-]S(=O)(=O)C(F)(F)F)C(F)(F)F,2
1132,140138468,5430556,COCCOCCOCCOCCOC.O=S(=O)([N-]S(=O)(=O)C(F)(F)F)C(F)(F)F,2
1133,140138495,5430556,COCCOCCOCCOCCOC.O=S(=O)([N-]S(=O)(=O)C(F)(F)F)C(F)(F)F,2
1134,140138522,5430556,COCCOCCOCCOCCOC.O=S(=O)([N-]S(=O)(=O)C(F)(F)F)C(F)(F)F,2
1135,140138615,5430556,COCCOCCOCCOCCOC.O=S(=O)([N-]S(=O)(=O)C(F)(F)F)C(F)(F)F,2
1136,140138618,5430556,COCCOCCOCCOCCOC.O=S(=O)([N-]S(=O)(=O)C(F)(F)F)C(F)(F)F,2
1137,140138699,5430556,COCCOCCOCCOCCOC.O=S(=O)([N-]S(=O)(=O)C(F)(F)F)C(F)(F)F,2
1138,140138705,5430556,COCCOCCOCCOCCOC.O=S(=O)([N-]S(=O)(=O)C(F)(F)F)C(F)(F)F,2
1139,140138834,5430556,COCCOCCOCCOCCOC.O=S(=O)([N-]S(=O)(=O)C(F)(F)F)C(F)(F)F,2
1140,140138899,5430556,COCCOCCOCCOCCOC.O=S(=O)([N-]S(=O)(=O)C(F)(F)F)C(F)(F)F,2
1141,140138900,5430556,COCCOCCOCCOCCOC.O=S(=O)([N-]S(=O)(=O)C(F)(F)F)C(F)(F)F,2
1142,140139380,5430556,COCCOCCOCCOCCOC.O=S(=O)([N-]S(=O)(=O)C(F)(F)F)C(F)(F)F,2
1143,140139431,5430556,COCCOCCOCCOCCOC.O=S(=O)([N-]S(=O)(=O)C(F)(F)F)C(F)(F)F,2
1144,140139505,5430556,COCCOCCOCCOCCOC.O=S(=O)([N-]S(=O)(=O)C(F)(F)F)C(F)(F)F,2
1145,140139616,5430556,COCCOCCOCCOCCOC.O=S(=O)([N-]S(=O)(=O)C(F)(F)F)C(F)(F)F,2
1146,140139639,5430556,COCCOCCOCCOCCOC.O=S(=O)([N-]S(=O)(=O)C(F)(F)F)C(F)(F)F,2
1147,140139654,5430556,COCCOCCOCCOCCOC.O=S(=O)([N-]S(=O)(=O)C(F)(F)F)C(F)(F)F,2
1148,183417743,5387530,COCCOCCOCCOCCOC,0
1149,183417749,5387530,COCCOCCOCCOCCOC,0
1150,183417754,5387530,COCCOCCOCCOCCOC,0
1151,183417758,5387530,COCCOCCOCCOCCOC,0
1152,183417775,5387530,COCCOCCOCCOCCOC,0
1153,183417776,5387530,COCCOCCOCCOCCOC,0
1154,183417781,5387530,COCCOCCOCCOCCOC,0
1155,183417782,5387530,COCCOCCOCCOCCOC,0
1156,183417784,5387530,COCCOCCOCCOCCOC,0
1157,183417788,5387530,COCCOCCOCCOCCOC,0
1158,183417799,5387530,COCCOCCOCCOCCOC,0
1159,183417808,5387530,COCCOCCOCCOCCOC,0
1160,183417812,5387530,COCCOCCOCCOCCOC,0
1161,183417813,5387530,COCCOCCOCCOCCOC,0
1162,183417817,5387530,COCCOCCOCCOCCOC,0
1163,183417818,5387530,COCCOCCOCCOCCOC,0
1164,183417822,5387530,COCCOCCOCCOCCOC,0
1165,183417824,5387530,COCCOCCOCCOCCOC,0
1166,183417825,5387530,COCCOCCOCCOCCOC,0
1167,183417830,5387530,COCCOCCOCCOCCOC,0
1168,183417839,5387530,COCCOCCOCCOCCOC,0
1169,183417853,5387530,COCCOCCOCCOCCOC,0
1170,183417854,5387530,COCCOCCOCCOCCOC,0
1171,183417856,5387530,COCCOCCOCCOCCOC,0
1172,183417873,5387530,COCCOCCOCCOCCOC,0
1173,183417877,5387530,COCCOCCOCCOCCOC,0
1174,183417878,5387530,COCCOCCOCCOCCOC,0
1175,183417879,5387530,COCCOCCOCCOCCOC,0
1176,183417890,5387530,COCCOCCOCCOCCOC,0
1177,183417891,5387530,COCCOCCOCCOCCOC,0
1178,183417894,5387530,COCCOCCOCCOCCOC,0
1179,183417905,5387530,COCCOCCOCCOCCOC,0
1180,183417907,5387530,COCCOCCOCCOCCOC,0
1181,183417913,5387530,COCCOCCOCCOCCOC,0
1182,183417915,5387530,COCCOCCOCCOCCOC,0
1183,183417932,5387530,COCCOCCOCCOCCOC,0
1184,183417941,5387530,COCCOCCOCCOCCOC,0
1185,183417943,5387530,COCCOCCOCCOCCOC,0
1186,183417945,5387530,COCCOCCOCCOCCOC,0
1187,183417947,5387530,COCCOCCOCCOCCOC,0
1188,183417948,5387530,COCCOCCOCCOCCOC,0
1189,183417955,5387530,COCCOCCOCCOCCOC,0
1190,183417956,5387530,COCCOCCOCCOCCOC,0
1191,183417960,5387530,COCCOCCOCCOCCOC,0
1192,183417968,5387530,COCCOCCOCCOCCOC,0
1193,183417972,5387530,COCCOCCOCCOCCOC,0
1194,183417974,5387530,COCCOCCOCCOCCOC,0
1195,183417978,5387530,COCCOCCOCCOCCOC,0
1196,183417980,5387530,COCCOCCOCCOCCOC,0
1197,183417981,5387530,COCCOCCOCCOCCOC,0
1198,183418488,5387530,COCCOCCOCCOCCOC,0
1199,183418492,5387530,COCCOCCOCCOCCOC,0
1200,183418495,5387530,COCCOCCOCCOCCOC,0
1201,183418498,5387530,COCCOCCOCCOCCOC,0
1202,183418512,5387530,COCCOCCOCCOCCOC,0
1203,183418519,5387530,COCCOCCOCCOCCOC,0
1204,183418529,5387530,COCCOCCOCCOCCOC,0
1205,183418531,5387530,COCCOCCOCCOCCOC,0
1206,183418537,5387530,COCCOCCOCCOCCOC,0
1207,183418541,5387530,COCCOCCOCCOCCOC,0
1208,183418544,5387530,COCCOCCOCCOCCOC,0
1209,183418551,5387530,COCCOCCOCCOCCOC,0
1210,183418556,5387530,COCCOCCOCCOCCOC,0
1211,183418589,5387530,COCCOCCOCCOCCOC,0
1212,183418591,5387530,COCCOCCOCCOCCOC,0
1213,183418593,5387530,COCCOCCOCCOCCOC,0
1214,183418595,5387530,COCCOCCOCCOCCOC,0
1215,183418598,5387530,COCCOCCOCCOCCOC,0
1216,183418603,5387530,COCCOCCOCCOCCOC,0
1217,183418604,5387530,COCCOCCOCCOCCOC,0
1218,183418605,5387530,COCCOCCOCCOCCOC,0
1219,183418614,5387530,COCCOCCOCCOCCOC,0
1220,183418640,5387530,COCCOCCOCCOCCOC,0
1221,183418655,5387530,COCCOCCOCCOCCOC,0
1222,183418668,5387530,COCCOCCOCCOCCOC,0
1223,183418669,5387530,COCCOCCOCCOCCOC,0
1224,183418671,5387530,COCCOCCOCCOCCOC,0
1225,183418682,5387530,COCCOCCOCCOCCOC,0
1226,183418689,5387530,COCCOCCOCCOCCOC,0
1227,183418695,5387530,COCCOCCOCCOCCOC,0
1228,183418718,5387530,COCCOCCOCCOCCOC,0
1229,183418722,5387530,COCCOCCOCCOCCOC,0
1230,183418731,5387530,COCCOCCOCCOCCOC,0
